ResidentKey,ResidentName,ResidentDateOfBirth,RecordIngestedOn
1,James Nielsen,1939-09-17,2025-03-13 06:05:07
2,Teresa Clay,1954-04-03,2025-03-02 09:34:25
3,Michael Walls,1945-10-19,2025-03-18 21:09:34
4,William Hodge,1947-06-24,2025-02-02 21:35:40
5,Denise Mays,1942-05-13,2025-01-27 01:44:59
6,Ryan George,1936-12-19,2025-02-16 11:10:14
7,Bernard Graham,1946-02-14,2025-02-23 20:52:23
8,Sara Dickerson,1951-02-11,2025-03-25 00:10:30
9,Brian Wiley,1901-03-06,2025-03-17 12:55:16
10,Susan Johnson,1943-06-17,2025-03-02 22:57:36
11,Joel Mack,1901-08-15,2025-01-10 01:28:26
12,James Pierce,1954-01-18,2025-01-12 11:24:50
13,Jeffrey Robinson,1944-01-21,2025-02-22 20:12:19
14,Linda Holt,1915-10-07,2025-01-02 12:41:02
15,Daniel Castaneda,1904-04-28,2025-01-01 09:02:49
16,Tracie Duncan,1904-07-27,2025-03-12 19:48:14
17,Steven Adams,1927-05-06,2025-03-04 07:57:34
18,Kayla Velasquez,1949-07-01,2025-03-20 08:44:21
19,John Moran,1921-08-06,2025-02-05 12:41:59
20,Amy Roman,1919-03-06,2025-02-03 20:28:03
21,Charles Carr,1929-02-25,2025-02-01 01:27:33
22,Tiffany Sullivan,1931-06-29,2025-03-12 12:44:57
23,Michael Griffin,1919-05-14,2025-02-21 17:54:12
24,Adam Peterson,1953-12-20,2025-03-25 04:48:30
25,Karen Rodriguez,1937-11-07,2025-01-31 20:14:40
26,Pamela Hunt,1903-01-20,2025-03-30 22:07:20
27,Christine Johnson,1926-04-12,2025-03-14 18:56:21
28,Bradley Dodson,1903-07-03,2025-01-27 17:53:48
29,Ryan Craig,1919-04-04,2025-01-09 09:00:40
30,Jason Webb,1904-09-11,2025-02-19 02:04:48
31,William Douglas,1919-02-11,2025-01-24 00:31:04
32,Shirley Jones,1949-09-19,2025-03-17 02:37:24
33,Andrew Bradley,1954-05-30,2025-03-20 00:55:02
34,Kyle Cisneros,1948-09-26,2025-01-27 07:27:00
35,Edward Bennett,1946-10-30,2025-01-01 17:21:51
36,Cindy Villarreal,1924-04-15,2025-03-09 04:20:13
37,Sabrina Scott,1902-09-21,2025-01-21 10:53:25
38,Amber Oneal,1911-08-17,2025-01-14 03:35:34
39,Sean Wilkinson,1917-09-30,2025-01-01 03:52:10
40,Shelly Day,1902-11-12,2025-02-17 13:14:37
41,Elizabeth Cross,1951-11-24,2025-01-07 20:54:02
42,David Wells,1902-01-04,2025-02-05 01:09:40
43,Barbara Walker,1918-06-10,2025-03-02 19:15:38
44,Travis Lopez,1921-06-09,2025-02-14 12:41:24
45,Grace Bruce,1943-10-17,2025-01-09 19:45:16
46,Traci Perkins,1901-07-09,2025-01-26 18:33:42
47,Kelly Johnson,1944-10-11,2025-01-06 12:28:17
48,Jason Thompson,1950-09-26,2025-03-19 20:07:11
49,Nicholas Parker,1931-07-03,2025-02-25 13:18:12
50,Kelsey Williams,1938-05-29,2025-03-04 18:12:34
51,Douglas Willis,1900-06-18,2025-02-21 00:23:07
52,Susan Davis,1903-10-29,2025-02-08 18:33:51
53,Chad Chase,1926-05-10,2025-02-14 03:16:30
54,Christopher Burgess,1929-01-11,2025-01-15 21:56:39
55,Matthew Jackson,1906-07-31,2025-03-26 05:59:53
56,Ricky Mason,1902-02-21,2025-02-23 04:26:58
57,Allison Matthews,1915-01-05,2025-02-09 19:01:57
58,Eric Johnston,1954-06-10,2025-02-25 01:49:13
59,Mrs. Cathy Moore,1940-10-22,2025-03-08 17:19:39
60,Joseph Williams,1941-10-20,2025-01-21 18:46:57
61,John Melton,1901-07-31,2025-01-09 08:23:51
62,Carol Rodriguez,1930-04-11,2025-01-11 05:01:43
63,Larry Mcdaniel,1938-06-27,2025-01-04 06:59:30
64,David Smith,1918-09-28,2025-03-04 19:13:25
65,Cynthia Pollard,1905-04-05,2025-01-05 09:59:08
66,David Watkins,1919-06-20,2025-03-27 11:10:37
67,Thomas Ballard,1917-08-21,2025-03-07 02:54:58
68,Scott Moody,1919-07-03,2025-02-08 23:41:11
69,Lindsay White,1939-08-16,2025-03-02 23:02:03
70,Rodney Mcguire DVM,1910-01-23,2025-01-14 19:56:46
71,Alex Riddle,1908-07-22,2025-02-26 07:31:07
72,Carol Adams,1913-01-28,2025-02-16 22:02:50
73,Patricia Allen,1904-07-02,2025-03-25 12:27:57
74,Hannah Vega,1916-01-03,2025-02-02 13:20:02
75,Elizabeth Davis,1929-11-20,2025-02-02 10:01:35
76,Tim Harding,1944-05-10,2025-03-27 02:52:55
77,Megan Mullins,1939-04-04,2025-03-06 03:46:42
78,Taylor Bates,1912-03-24,2025-02-01 18:47:06
79,Donna Adams,1901-12-31,2025-01-21 09:14:03
80,Glenn James DVM,1917-08-26,2025-01-04 13:41:08
81,Brandi Fleming,1918-12-04,2025-01-16 23:35:15
82,Kelsey Owen,1949-02-14,2025-03-04 01:27:41
83,Jonathan Williams,1924-09-24,2025-03-20 16:51:14
84,Paula Blankenship,1936-10-26,2025-03-08 19:34:09
85,Jordan Landry,1925-04-22,2025-03-24 04:27:02
86,Richard Livingston,1913-11-25,2025-03-16 03:45:41
87,Patricia Holmes,1911-08-23,2025-02-22 10:30:59
88,Kelsey Williams,1919-05-27,2025-02-21 09:59:41
89,Nicole Sanchez,1914-04-19,2025-03-04 20:01:06
90,Michelle Johnson,1910-11-29,2025-01-26 04:44:13
91,Sean Clark,1912-06-06,2025-02-04 01:44:37
92,Tammy Koch,1953-11-11,2025-01-04 02:16:56
93,Eric Ferguson,1908-06-05,2025-01-08 13:28:00
94,William Clark MD,1952-08-23,2025-02-13 00:54:14
95,Mr. Robert Baker PhD,1928-11-12,2025-03-14 22:19:49
96,Melinda Brown,1925-09-24,2025-01-07 12:52:10
97,Alexander Fox,1943-10-18,2025-02-23 07:05:19
98,Shawn Webb,1949-10-07,2025-02-04 16:00:02
99,Sandra Cruz,1917-12-27,2025-03-25 18:29:36
100,Jasmine Armstrong,1902-04-23,2025-01-22 17:35:15
101,Veronica Garcia,1934-02-21,2025-03-22 14:45:51
102,Robert Lee,1905-05-25,2025-01-01 05:56:45
103,Bryan Hunt,1935-10-24,2025-02-23 04:00:42
104,Kim Patterson,1925-01-27,2025-03-09 04:57:02
105,Tina Jones,1942-12-27,2025-03-02 09:33:21
106,Jordan Martinez,1947-06-24,2025-01-04 06:10:39
107,Leon Webb,1900-12-27,2025-02-14 01:36:58
108,Brandon Hall,1912-10-25,2025-02-02 20:12:50
109,Alexa Porter,1934-06-29,2025-03-10 02:26:24
110,Barbara Warren,1919-10-17,2025-03-26 20:40:53
111,Mrs. Victoria Clarke,1907-07-19,2025-02-02 23:58:42
112,Tiffany Norris,1938-05-03,2025-01-02 10:13:46
113,Stephen Dawson,1934-03-24,2025-03-11 03:00:00
114,Mary Gonzales,1939-04-13,2025-03-09 23:21:50
115,Joel Munoz,1933-12-10,2025-02-01 01:42:20
116,Shannon Dunn,1913-12-19,2025-02-26 10:16:40
117,Denise Ortiz,1936-07-17,2025-03-14 03:27:34
118,Rachel Medina,1934-11-29,2025-01-11 19:19:14
119,David Andrews,1935-11-03,2025-03-14 21:43:16
120,Michael Johnson,1905-06-05,2025-03-25 22:22:11
121,Amy Miller,1940-08-21,2025-01-01 04:56:30
122,Michelle Jones,1926-01-20,2025-03-02 09:09:42
123,Lori Mccormick,1937-09-29,2025-03-17 09:46:36
124,Mary Mcconnell,1950-11-08,2025-01-02 05:38:42
125,Kathryn Greene,1932-04-22,2025-01-25 04:47:22
126,Mr. Michael Phillips,1912-12-06,2025-01-04 06:13:00
127,Frederick Burns,1951-12-07,2025-01-31 01:00:13
128,Erica Kirby,1938-07-28,2025-03-06 12:10:55
129,Roger Johnson,1916-12-05,2025-02-07 16:51:06
130,Angela Butler,1903-03-02,2025-02-02 09:12:16
131,Sabrina Harrington,1943-07-29,2025-01-05 04:49:40
132,Ronald Crawford,1908-06-20,2025-01-22 00:10:48
133,Heather Howard,1929-10-06,2025-01-19 15:55:44
134,Michelle Spencer,1937-09-27,2025-01-13 09:58:07
135,Michael Shah,1926-06-29,2025-02-07 16:58:31
136,John Huang,1944-05-22,2025-01-24 02:03:41
137,Jo Thomas,1910-07-11,2025-03-19 14:54:47
138,Justin Perez,1937-10-25,2025-03-18 18:32:44
139,Ann Elliott,1917-01-15,2025-01-19 09:30:24
140,Kim Baker,1939-02-10,2025-02-19 07:42:29
141,David Young,1900-01-05,2025-03-17 17:36:15
142,Samantha Church,1937-08-07,2025-02-03 10:34:24
143,Brittany Mullins,1927-04-30,2025-02-17 02:19:49
144,Kelsey Perez,1926-12-24,2025-02-23 19:10:16
145,Steven Obrien,1904-01-01,2025-01-19 23:31:02
146,Brenda Powers,1905-07-27,2025-02-27 00:51:44
147,John Bright,1908-03-02,2025-03-04 18:34:59
148,Rachel Clay,1921-03-25,2025-03-30 20:47:06
149,Blake Barrera II,1934-04-08,2025-02-03 13:09:37
150,Robert Wolf,1904-12-18,2025-03-10 20:21:40
151,Sarah Harrison,1902-07-13,2025-01-26 16:48:02
152,Rebecca Knapp,1909-06-11,2025-01-27 14:42:27
153,Andrew White,1901-07-17,2025-01-19 21:31:33
154,Kelly Edwards,1907-05-15,2025-01-28 04:25:23
155,Brittany Robinson,1927-11-10,2025-02-10 16:50:30
156,Kenneth Smith,1939-06-11,2025-03-05 16:01:36
157,Kenneth Shaw,1923-06-27,2025-01-12 13:45:24
158,Scott Elliott,1920-05-07,2025-01-27 05:08:03
159,Keith Mckenzie,1913-07-04,2025-01-28 04:09:28
160,Tony Booker,1945-05-16,2025-02-03 05:08:21
161,Brittany Knapp,1927-05-06,2025-03-20 12:18:27
162,Brian Jones,1919-07-12,2025-01-11 06:09:50
163,Jeffrey Wright,1909-12-10,2025-02-10 08:14:56
164,Joshua Burke,1923-01-03,2025-01-13 03:05:57
165,Kelly Powell,1949-03-29,2025-02-13 01:59:00
166,Peter Howe,1902-07-22,2025-02-11 05:54:58
167,Gerald Ruiz,1904-05-19,2025-01-30 00:29:17
168,Elizabeth Gonzales,1953-02-19,2025-01-14 12:48:11
169,Tina Mcneil,1913-07-20,2025-01-16 19:51:14
170,Pamela Livingston,1940-07-22,2025-01-31 05:22:22
171,Mark Rice,1948-01-09,2025-03-07 07:32:18
172,Juan Harris,1901-02-14,2025-01-16 18:58:18
173,Elizabeth Bennett,1952-05-19,2025-03-24 08:38:46
174,Erika Williams,1950-06-02,2025-03-09 05:17:15
175,Anita Andrews,1928-01-08,2025-01-20 00:39:05
176,Mark Jackson,1953-05-02,2025-02-02 22:57:35
177,Robert Oliver,1929-11-02,2025-02-13 19:21:44
178,Carl Peterson,1945-01-08,2025-01-03 07:52:04
179,Lauren Stewart,1900-11-12,2025-02-13 16:09:47
180,Scott Hopkins,1926-10-20,2025-02-06 21:38:24
181,Lance Ruiz,1918-10-17,2025-03-29 19:50:21
182,Alexis Webb,1927-06-04,2025-02-17 10:48:55
183,Gina Morris,1946-11-03,2025-01-04 16:22:01
184,Mackenzie Carter,1913-12-29,2025-02-01 10:39:59
185,Samuel Clark,1935-07-27,2025-03-22 02:18:11
186,Robert Cain,1913-02-09,2025-03-03 17:53:38
187,Tim Mcclain,1918-11-16,2025-02-08 17:04:47
188,Sonia Murray,1915-02-27,2025-01-16 23:25:29
189,Joshua Douglas,1913-10-02,2025-03-20 13:18:17
190,Jesus Rodriguez,1942-03-09,2025-03-04 22:01:35
191,Anthony Frank,1914-12-12,2025-01-12 01:08:24
192,Jamie Gibbs,1918-12-03,2025-03-01 15:16:44
193,Angel Garcia,1944-11-08,2025-01-07 09:40:16
194,Valerie Bryant,1939-07-24,2025-01-26 17:07:57
195,Kevin Wright,1942-09-09,2025-01-21 13:01:05
196,Michael Johnson,1914-08-29,2025-01-25 06:52:50
197,Michael Crawford,1937-07-04,2025-01-29 13:24:00
198,Doris Dawson,1931-01-28,2025-03-28 15:51:19
199,Karen Boyle,1928-04-22,2025-03-06 09:11:44
200,Geoffrey Church,1941-01-14,2025-03-06 02:34:42
201,Rachel Smith,1912-10-21,2025-02-15 12:28:53
202,Kelly Gilbert,1937-07-20,2025-02-28 09:41:58
203,Tyler Randolph,1912-04-10,2025-02-11 19:38:14
204,Catherine Rodriguez,1902-08-26,2025-03-12 15:35:46
205,Jeff Jimenez,1937-08-31,2025-03-02 12:57:45
206,Jason Lopez,1927-02-09,2025-01-23 00:05:43
207,Brittany Cooke,1944-10-16,2025-03-03 17:38:56
208,Sarah Williams,1933-01-20,2025-02-21 16:10:34
209,Claire Lowery,1900-11-25,2025-01-19 23:57:14
210,Kevin Hernandez,1954-11-20,2025-03-17 08:45:35
211,Kenneth Bray,1937-04-20,2025-01-11 09:57:54
212,Melinda Brown,1942-02-22,2025-01-08 05:24:54
213,Matthew Allen,1924-11-28,2025-02-09 02:37:24
214,James Logan,1954-07-01,2025-03-23 09:29:25
215,Angel Thompson,1946-07-01,2025-02-14 15:31:02
216,Allison White,1911-03-05,2025-02-10 02:30:35
217,Craig Cruz,1933-02-11,2025-03-17 13:48:32
218,Mario Mosley,1913-05-05,2025-01-09 03:16:23
219,Sarah Bush,1914-05-04,2025-03-01 18:12:49
220,Kathryn Malone,1940-02-27,2025-02-09 00:26:26
221,Crystal Stevens,1926-01-29,2025-03-09 02:52:06
222,Kathy Church,1924-03-20,2025-03-01 13:58:09
223,Robin Love,1941-06-15,2025-01-22 20:51:22
224,Karl Vargas,1938-12-17,2025-02-17 12:51:55
225,Connie Martin,1920-10-30,2025-01-19 15:03:09
226,Bethany Smith,1935-07-26,2025-03-01 14:40:30
227,Nicole Rodgers,1937-02-19,2025-02-15 08:24:13
228,Virginia Warren,1920-01-24,2025-01-15 02:43:56
229,Zachary Rodriguez Jr.,1947-11-10,2025-03-05 16:26:51
230,Brenda Johnson,1950-11-06,2025-02-23 19:23:03
231,Mary Allen,1923-12-21,2025-03-04 02:56:51
232,Sabrina Lowe,1944-09-24,2025-01-06 05:24:47
233,Veronica Duncan,1906-12-22,2025-01-22 10:12:02
234,Lydia Mccullough,1947-06-27,2025-03-21 02:39:10
235,Paul Franco,1938-07-04,2025-03-16 17:00:21
236,James Brown,1912-05-20,2025-03-01 23:43:19
237,Jason Fuller,1909-05-28,2025-02-03 16:05:49
238,Latoya Crawford,1916-12-29,2025-01-16 17:51:50
239,Mark Best,1916-02-12,2025-02-12 21:45:51
240,Victoria Blake,1922-02-26,2025-02-15 11:17:13
241,Kevin Williams,1946-02-02,2025-03-17 21:53:15
242,Jonathan Hall,1944-04-01,2025-01-23 03:13:12
243,Sydney Williams,1932-11-03,2025-01-13 18:30:42
244,Marissa Marks,1922-03-21,2025-01-15 08:43:31
245,Anita Garcia,1900-04-11,2025-01-04 05:00:53
246,John Rios,1910-11-21,2025-03-07 20:46:07
247,Daniel Black,1921-11-25,2025-03-18 14:51:33
248,Janice Thomas,1940-04-08,2025-02-15 07:48:24
249,Jeffrey Torres,1901-01-03,2025-01-09 09:51:40
250,Michael English,1931-06-23,2025-03-27 02:26:23
251,Patricia Morse,1920-04-27,2025-02-28 18:41:28
252,Krystal Reeves,1949-09-16,2025-02-11 09:50:59
253,Daniel Clements,1906-05-28,2025-01-17 07:52:10
254,Frank Hahn,1917-05-23,2025-02-13 12:16:19
255,Randy Moore,1930-02-17,2025-03-03 03:26:14
256,Erin Martinez,1947-06-26,2025-03-02 14:59:06
257,Veronica Thompson,1927-06-03,2025-03-05 03:49:29
258,Rhonda Lee,1954-07-18,2025-01-15 19:49:22
259,Isaac Owen,1915-02-20,2025-02-18 21:45:42
260,Theodore Harris,1920-02-22,2025-03-14 20:01:15
261,Michael Walker MD,1939-01-25,2025-03-20 23:11:31
262,Patricia Dickerson,1924-07-19,2025-03-30 04:49:26
263,Gregory Nguyen,1901-04-12,2025-01-19 15:17:06
264,Thomas Baker,1909-12-30,2025-02-07 20:26:45
265,Angela Thompson,1933-10-30,2025-02-27 14:50:48
266,Joshua Hull,1944-09-09,2025-03-19 20:31:32
267,Natasha Rodriguez,1930-07-15,2025-01-23 01:00:20
268,Ian Green,1926-12-17,2025-03-26 06:23:52
269,Kristina Sawyer,1918-07-09,2025-03-07 06:27:37
270,Mr. James Davis,1941-10-05,2025-01-25 09:05:15
271,Sabrina King,1924-06-11,2025-01-23 10:58:54
272,Susan Hill,1938-06-27,2025-01-22 20:46:58
273,Brian Smith,1903-10-10,2025-02-21 16:03:32
274,Mr. Brian Harmon,1940-12-09,2025-01-15 04:22:57
275,Alexis Goodman,1948-10-22,2025-02-14 06:15:23
276,Jacqueline Hernandez,1920-03-01,2025-03-29 05:37:31
277,Samuel Owens,1909-05-07,2025-03-14 04:53:03
278,Robert Gomez,1953-02-25,2025-03-29 17:50:55
279,Antonio Bailey,1927-02-25,2025-03-02 19:43:05
280,Patricia Stevenson,1954-12-05,2025-02-13 09:34:33
281,Dennis Patel,1941-06-18,2025-01-26 19:32:11
282,Peter Thomas,1931-04-22,2025-03-23 04:45:07
283,Jennifer Quinn,1908-10-05,2025-01-06 19:54:24
284,Robert Zamora,1914-12-22,2025-03-11 08:07:15
285,Casey Stewart,1936-07-06,2025-01-30 09:49:38
286,Sarah Cohen,1950-10-14,2025-02-28 10:41:22
287,Charles Gibson,1936-11-17,2025-03-05 21:41:04
288,Thomas Smith,1932-07-12,2025-03-12 11:48:04
289,Omar Johnson,1911-03-20,2025-03-17 23:16:33
290,Jessica Ramirez,1948-12-22,2025-02-16 14:24:41
291,Brian Smith,1927-05-26,2025-01-09 10:52:05
292,David Mason,1919-02-13,2025-02-20 22:45:46
293,Brandon Weber,1947-10-09,2025-02-14 06:04:37
294,Donald Brown,1919-11-08,2025-01-25 00:42:43
295,Douglas Gutierrez,1910-11-27,2025-02-27 19:07:11
296,Scott Wu,1926-08-10,2025-02-28 02:24:46
297,Bryan Lee,1923-10-05,2025-02-23 08:48:23
298,Troy Lara,1928-01-27,2025-02-24 01:39:36
299,Haley Fernandez,1938-07-07,2025-01-23 04:48:04
300,Pamela Conley,1902-02-11,2025-02-04 07:00:58
301,Carla Jones,1943-11-07,2025-02-08 08:02:37
302,Mrs. Jennifer Malone,1937-05-31,2025-02-20 23:34:28
303,Rebecca Miller,1913-09-29,2025-03-20 11:28:04
304,Sharon Kaiser,1914-01-20,2025-03-05 22:36:29
305,Edward Zimmerman,1923-03-23,2025-03-23 03:20:18
306,Denise Paul,1925-04-13,2025-01-06 10:43:02
307,Samantha Riggs,1954-10-14,2025-03-11 06:35:58
308,Gregory Sexton,1941-02-12,2025-03-04 11:37:11
309,Anthony Gibson,1940-01-13,2025-01-20 17:29:11
310,Veronica Montoya,1905-09-03,2025-02-07 09:18:13
311,Erin Smith,1953-06-23,2025-02-19 19:43:54
312,Anne Thomas,1923-07-15,2025-02-03 17:18:29
313,Cody Vasquez,1924-10-19,2025-03-01 10:07:38
314,Robert Anderson,1912-09-12,2025-02-21 22:41:18
315,Gwendolyn Mueller,1944-04-23,2025-03-03 20:53:26
316,Rick Smith,1941-04-10,2025-03-11 19:45:31
317,Alyssa Rivers,1943-09-16,2025-02-20 03:23:16
318,Shawn Stevens,1919-07-09,2025-03-24 04:21:59
319,Dawn Bishop,1932-01-29,2025-02-28 02:07:53
320,Derek Alexander,1933-11-19,2025-03-13 09:20:21
321,Matthew Crawford,1932-05-01,2025-02-09 23:02:01
322,George Owens,1939-08-04,2025-02-15 07:13:28
323,William Santiago,1913-01-08,2025-02-05 02:45:27
324,Kim Fox,1925-04-11,2025-02-14 01:27:06
325,Robert Moore,1916-02-17,2025-02-13 02:04:11
326,Matthew Underwood,1953-10-16,2025-02-01 21:53:17
327,Jeremy Welch,1938-12-21,2025-01-07 02:25:43
328,Amanda Williams,1912-11-17,2025-03-04 21:50:06
329,John Mcdowell,1925-05-13,2025-01-02 10:16:00
330,Carolyn Castillo,1923-03-09,2025-02-22 23:45:54
331,Leon Bennett,1939-06-13,2025-02-22 13:27:42
332,Nina Adkins,1953-10-18,2025-01-16 17:10:51
333,Hannah Murphy,1926-08-27,2025-02-04 07:34:05
334,Leonard Vega,1907-06-13,2025-01-29 00:20:02
335,Michael Gibbs,1954-05-24,2025-02-25 20:18:47
336,Michelle Johnson,1923-10-02,2025-03-04 02:51:14
337,Nicolas Wilkinson,1903-06-28,2025-02-26 11:45:33
338,Kelsey Gonzalez,1922-04-27,2025-02-11 15:56:11
339,Keith Johnson,1945-06-02,2025-02-23 12:19:54
340,Dwayne Wall,1935-08-27,2025-01-17 08:38:24
341,Diana Valenzuela,1927-07-09,2025-03-20 23:46:42
342,Tyler Shaw,1901-08-11,2025-03-10 12:12:43
343,Katherine Munoz,1934-11-01,2025-02-09 15:06:35
344,Anna Gibson,1953-07-20,2025-03-21 04:58:14
345,Kathryn Wood,1954-10-23,2025-02-06 13:48:01
346,William Taylor,1913-09-16,2025-02-18 09:52:57
347,Shawna Anderson,1938-07-17,2025-03-28 21:00:06
348,Breanna Silva,1947-09-29,2025-03-22 01:33:06
349,Lindsay Roman DDS,1941-10-02,2025-01-01 09:41:09
350,Andrew Adams MD,1909-11-17,2025-01-26 18:25:58
351,Todd Alvarez DVM,1951-04-25,2025-03-29 07:27:26
352,Edward Benson,1923-04-22,2025-02-16 03:53:13
353,Karen Stafford,1940-10-09,2025-01-06 22:03:14
354,Derrick Wells,1944-10-19,2025-02-09 15:31:13
355,Sandra Rogers,1901-09-30,2025-03-03 19:01:32
356,Alicia Newman,1922-04-23,2025-02-06 02:47:09
357,Scott Hernandez,1939-09-19,2025-02-23 10:35:31
358,Dalton Miller,1931-05-21,2025-01-14 02:27:04
359,Brittany Leonard,1903-06-11,2025-02-01 11:27:52
360,Mark Morgan,1914-09-29,2025-03-06 11:35:29
361,Amanda Walker,1930-04-16,2025-01-18 06:38:01
362,Anthony Marks,1948-02-26,2025-02-28 08:34:33
363,Joe Jones,1920-02-26,2025-02-19 08:11:41
364,Ronald Knight,1950-05-26,2025-02-07 19:16:48
365,Mary Frey,1921-07-15,2025-01-16 21:35:50
366,Victor Long,1928-06-24,2025-01-04 19:59:19
367,Christopher Torres,1932-06-19,2025-02-12 07:25:14
368,Elijah Lewis,1942-01-23,2025-03-24 16:56:07
369,Jerry Elliott,1911-11-10,2025-01-06 11:13:18
370,Renee Adkins,1905-04-24,2025-03-09 08:28:17
371,Stephanie Hayes,1954-11-10,2025-03-23 15:14:16
372,Crystal Torres,1921-01-15,2025-01-31 13:52:01
373,Monica Lee,1921-08-04,2025-02-07 12:19:05
374,Tiffany Mejia,1916-09-29,2025-02-18 13:47:38
375,Kathleen Nunez,1949-12-24,2025-01-17 17:57:30
376,Julie Nelson,1951-03-29,2025-01-18 02:22:27
377,George Campbell,1952-02-02,2025-02-06 22:19:39
378,Cynthia Miller,1903-01-08,2025-01-23 20:24:28
379,Lisa Rodriguez,1912-02-23,2025-02-20 06:39:10
380,Christopher Miller,1948-09-15,2025-02-19 21:53:25
381,Crystal Barnes,1901-12-29,2025-02-05 01:38:14
382,Angela Levy,1946-06-06,2025-01-28 23:17:38
383,Jacqueline Rice,1902-07-30,2025-02-12 00:48:29
384,Andrea Harrington,1925-01-25,2025-01-27 20:31:33
385,Aaron Snow,1915-01-30,2025-01-16 12:40:59
386,Vanessa Hamilton DVM,1928-12-16,2025-01-15 03:39:28
387,Jeremy James,1923-10-31,2025-03-03 23:46:17
388,Joel Smith,1903-07-07,2025-02-20 08:48:05
389,Angela Garrison,1906-06-07,2025-02-02 05:01:30
390,Danielle Wood,1933-03-05,2025-03-07 06:51:24
391,James Cox,1946-08-13,2025-01-06 07:43:54
392,Jonathan Poole,1950-01-23,2025-02-22 17:11:02
393,Nancy Brooks,1939-03-31,2025-01-22 04:27:50
394,Amanda Gross,1914-06-13,2025-02-16 07:22:57
395,Paul Hickman,1926-01-23,2025-01-25 12:08:04
396,Jerry Tran,1914-03-24,2025-01-10 08:30:29
397,Jeffrey Lozano,1932-10-27,2025-03-22 10:43:28
398,Bill Richards,1954-06-22,2025-03-04 03:56:22
399,Martha Smith,1909-09-12,2025-02-20 05:23:49
400,Collin Moran,1930-08-18,2025-02-01 17:17:24
401,Paul Burch,1944-06-01,2025-01-07 16:26:36
402,Cheyenne Dominguez,1914-04-19,2025-02-11 12:32:18
403,Samuel Griffin,1940-12-28,2025-02-22 00:53:28
404,Joseph Hanson,1910-01-17,2025-01-20 18:48:55
405,Tracy White,1915-04-08,2025-02-20 13:15:25
406,Carolyn Young,1953-12-23,2025-01-30 23:15:25
407,Kathryn Roth,1902-01-14,2025-01-05 11:25:18
408,Dwayne Dennis,1943-07-05,2025-02-17 23:23:11
409,Kristi Wall,1922-08-21,2025-01-17 17:47:30
410,Mark Hebert,1939-12-25,2025-01-05 08:24:27
411,Alicia Rodriguez,1907-01-29,2025-03-16 17:15:05
412,Brian Willis,1913-06-02,2025-02-10 18:20:07
413,Danielle Roberts,1921-05-28,2025-03-12 14:22:17
414,Jacob Perkins,1932-04-08,2025-02-11 20:12:04
415,Gail Whitney,1910-12-17,2025-02-03 00:43:16
416,Christina Hamilton,1947-09-15,2025-02-02 11:57:46
417,Alyssa Harmon,1934-01-21,2025-01-13 00:58:34
418,Jason Patterson,1953-08-02,2025-03-17 01:04:07
419,Dennis Wise,1918-09-08,2025-01-04 16:35:35
420,Debra Daniel,1929-08-09,2025-02-23 07:31:45
421,Erin Rogers,1906-04-09,2025-02-11 20:30:27
422,Leslie Martinez,1903-09-16,2025-03-05 23:37:16
423,Stephen Patterson,1920-01-28,2025-01-05 03:12:13
424,Morgan Oneill,1937-04-25,2025-01-19 10:36:39
425,Laurie Brown,1908-12-22,2025-01-12 03:15:31
426,April Hendrix,1912-09-22,2025-02-18 04:12:02
427,Sheila Marshall,1947-12-15,2025-03-18 21:25:34
428,Matthew Campbell,1913-09-22,2025-02-09 22:34:45
429,Bethany Spencer,1922-04-19,2025-01-25 01:39:25
430,Alexandria Johnson,1938-07-27,2025-03-28 04:08:50
431,Christopher Grant,1907-11-30,2025-03-29 07:04:52
432,Barbara Vasquez,1914-10-27,2025-01-10 16:54:57
433,Sherry Webb,1933-10-25,2025-01-31 23:09:34
434,Michael Burns,1902-06-09,2025-01-16 21:29:55
435,Tina Valdez,1947-02-09,2025-01-14 17:48:10
436,James Rice,1949-04-27,2025-02-23 20:45:19
437,Jorge Chambers Jr.,1917-11-01,2025-02-05 08:13:02
438,Mark Hancock Jr.,1904-02-02,2025-02-22 01:35:52
439,Jenna Oneill,1917-10-08,2025-03-09 15:39:23
440,Terry Powell,1910-08-06,2025-01-12 01:51:46
441,Charles Parker,1921-06-09,2025-03-18 17:01:50
442,Dawn Proctor,1925-06-24,2025-01-26 22:02:09
443,Anthony Parks,1922-09-05,2025-02-05 03:08:11
444,Keith Glenn,1938-06-18,2025-02-02 00:10:50
445,Sandra Ward,1911-06-23,2025-01-23 04:37:32
446,Matthew Acosta,1922-11-11,2025-01-22 20:25:11
447,Pamela Garcia,1930-05-24,2025-02-11 13:27:10
448,Matthew Brock,1954-09-07,2025-02-23 15:14:16
449,Jeffrey Beard,1917-03-11,2025-01-16 23:42:32
450,Michael Ward,1948-09-01,2025-03-25 12:32:43
451,Kristina Williams,1909-05-10,2025-03-03 15:11:10
452,Jason Lyons,1940-10-08,2025-01-19 10:13:40
453,Steve Arroyo,1901-04-14,2025-01-31 03:43:33
454,Kristin Sanders,1906-06-30,2025-01-13 16:38:37
455,Emily Johnson,1944-02-23,2025-02-06 03:27:35
456,Mark Miller,1943-02-02,2025-01-13 06:12:23
457,Shannon Holder,1919-10-26,2025-03-27 05:09:09
458,Martha Smith,1921-04-08,2025-01-06 17:52:04
459,James Clark,1925-03-14,2025-01-18 02:21:03
460,Carlos Williams,1948-04-17,2025-02-03 00:06:51
461,David Macias,1906-12-21,2025-03-22 14:44:53
462,Robert Hill,1953-10-18,2025-02-25 09:43:19
463,Julie Baker,1917-09-27,2025-01-18 19:26:12
464,Stephanie Russell,1928-12-31,2025-03-02 16:15:52
465,David Cook,1928-07-10,2025-01-10 14:32:32
466,Aaron Mahoney,1931-02-15,2025-01-10 08:42:15
467,Karen Kidd,1915-02-02,2025-03-26 22:38:18
468,Shannon Butler,1925-06-26,2025-01-17 10:17:55
469,Christopher Ross,1904-03-29,2025-01-28 01:04:35
470,Shane Hester,1948-11-20,2025-03-29 10:51:06
471,Mark Owens,1938-05-19,2025-02-14 06:29:19
472,Kaitlin Owens,1920-04-22,2025-02-16 11:09:24
473,Leslie Parker,1938-01-02,2025-02-16 08:34:59
474,Nicole Hill,1944-03-09,2025-03-30 10:10:32
475,John Stewart,1919-07-24,2025-02-09 01:35:32
476,Dana Colon,1910-08-11,2025-02-17 10:33:03
477,Melissa Flores,1942-08-02,2025-01-22 00:41:50
478,Donna Gordon,1924-08-27,2025-01-17 01:51:43
479,Heidi Campbell,1926-04-17,2025-03-26 22:55:17
480,Lisa Chavez,1945-05-09,2025-03-13 05:39:44
481,Joseph Andrews,1914-01-30,2025-03-09 07:44:54
482,Marisa Ferguson,1911-04-22,2025-03-06 05:36:04
483,Michael Brown,1923-12-26,2025-01-15 00:32:51
484,Misty Taylor,1923-03-12,2025-01-14 01:28:30
485,George Barnes,1952-06-09,2025-01-19 05:57:50
486,Michelle Jones,1929-07-02,2025-03-20 15:55:07
487,Loretta Graham,1935-12-11,2025-03-22 21:38:45
488,Terry Wise,1931-11-06,2025-03-21 10:39:31
489,Tony Williams,1912-07-16,2025-02-08 15:46:50
490,Nicolas Baker,1909-08-02,2025-03-24 05:07:35
491,Thomas Garza,1942-10-14,2025-02-08 06:53:42
492,Sarah Brady,1926-02-23,2025-01-10 00:37:11
493,Andrew Price,1944-02-02,2025-02-25 22:33:56
494,Wanda Alvarez,1940-08-09,2025-03-24 22:24:09
495,Laura Brown,1929-03-13,2025-03-03 00:22:39
496,Jose Gonzalez,1911-03-25,2025-01-31 03:16:27
497,Caitlin Duran,1906-08-23,2025-02-18 14:39:11
498,Joshua Nichols,1951-03-12,2025-01-05 05:01:01
499,Michael Smith,1931-02-09,2025-03-12 06:45:42
500,James Schneider,1901-02-09,2025-01-30 03:10:39
