ResidentKey,FacilityKey,UnitKey,LocationKey,RoomTypeKey,CensusStatusKey,CensusDateKey,ReportDateKey,CensusId,CensusFactId,Id,RecordStatus
345,5,2,9,7,1,20240521,20221111,1,CF1,1,Active
322,10,7,8,4,2,20220529,20241006,2,CF2,2,Active
426,3,6,9,1,5,20221108,20220613,3,CF3,3,Active
372,6,1,1,8,3,20241113,20210320,4,CF4,4,Active
373,7,3,2,8,4,20210605,20231230,5,CF5,5,Active
303,8,5,6,7,4,20210218,20230422,6,CF6,6,Active
131,8,6,8,7,5,20210330,20220315,7,CF7,7,Active
183,8,1,2,6,3,20230627,20240617,8,CF8,8,Active
84,8,5,8,7,1,20220515,20220715,9,CF9,9,Active
296,4,10,7,7,5,20240904,20210723,10,CF10,10,Active
162,1,3,2,5,2,20220630,20220102,11,CF11,11,Active
113,5,1,8,1,2,20221122,20210726,12,CF12,12,Active
369,3,9,4,4,4,20211223,20231116,13,CF13,13,Active
30,6,10,3,5,4,20220328,20210305,14,CF14,14,Active
339,4,8,6,8,3,20210127,20220907,15,CF15,15,Active
287,7,3,8,2,1,20221219,20240103,16,CF16,16,Active
491,5,7,9,2,3,20220129,20220622,17,CF17,17,Active
39,5,4,7,3,4,20231004,20220423,18,CF18,18,Active
79,6,10,6,6,2,20230216,20230327,19,CF19,19,Active
417,3,6,10,7,1,20241003,20210519,20,CF20,20,Active
11,10,6,9,5,4,20210322,20240530,21,CF21,21,Active
391,4,10,10,2,3,20221122,20231202,22,CF22,22,Active
392,8,9,10,2,2,20211129,20230722,23,CF23,23,Active
171,1,4,6,3,5,20211127,20240302,24,CF24,24,Active
142,8,1,4,2,5,20220529,20230814,25,CF25,25,Active
364,3,8,1,5,5,20240403,20220930,26,CF26,26,Active
84,8,8,2,8,2,20210825,20220702,27,CF27,27,Active
115,3,5,6,5,1,20240102,20210410,28,CF28,28,Active
236,2,9,3,2,1,20220814,20241113,29,CF29,29,Active
136,10,9,1,7,4,20211106,20230331,30,CF30,30,Active
179,10,7,8,6,1,20211217,20210508,31,CF31,31,Active
388,5,10,9,3,3,20210318,20230301,32,CF32,32,Active
211,3,7,3,1,5,20220219,20210609,33,CF33,33,Active
236,5,5,2,1,2,20230131,20210418,34,CF34,34,Active
356,8,1,10,4,3,20220616,20241005,35,CF35,35,Active
26,3,9,3,8,2,20210510,20240101,36,CF36,36,Active
493,2,1,9,5,1,20220827,20230304,37,CF37,37,Active
421,5,3,4,6,5,20221123,20230424,38,CF38,38,Active
377,10,1,10,4,5,20241113,20211202,39,CF39,39,Active
422,9,2,7,5,5,20241225,20230211,40,CF40,40,Active
391,9,8,4,5,1,20231122,20240514,41,CF41,41,Active
272,10,6,10,6,5,20231111,20211015,42,CF42,42,Active
495,3,6,9,8,5,20241013,20220726,43,CF43,43,Active
223,2,8,5,5,3,20230211,20240522,44,CF44,44,Active
295,4,8,3,4,1,20210517,20210713,45,CF45,45,Active
43,4,3,5,3,1,20211019,20230128,46,CF46,46,Active
383,6,2,2,1,2,20240824,20230626,47,CF47,47,Active
416,2,10,10,7,2,20230706,20240522,48,CF48,48,Active
411,1,3,9,2,5,20241119,20210112,49,CF49,49,Active
361,10,3,2,8,2,20241127,20210927,50,CF50,50,Active
362,2,3,5,7,1,20211203,20210529,51,CF51,51,Active
325,3,10,1,7,2,20220215,20241125,52,CF52,52,Active
329,4,7,10,1,2,20220108,20230809,53,CF53,53,Active
93,7,10,4,3,1,20230304,20241102,54,CF54,54,Active
301,5,8,10,3,1,20210719,20220924,55,CF55,55,Active
185,2,10,6,2,1,20240408,20221028,56,CF56,56,Active
27,2,1,10,5,3,20210213,20220115,57,CF57,57,Active
338,10,2,6,2,1,20230619,20241227,58,CF58,58,Active
308,1,8,9,1,4,20221228,20220730,59,CF59,59,Active
345,9,4,8,6,3,20240423,20220719,60,CF60,60,Active
114,5,6,4,1,1,20220630,20240525,61,CF61,61,Active
479,1,6,5,7,3,20240312,20210120,62,CF62,62,Active
144,7,8,10,2,2,20210823,20230818,63,CF63,63,Active
284,8,8,8,2,3,20220710,20240423,64,CF64,64,Active
473,6,7,5,6,5,20230718,20210126,65,CF65,65,Active
48,4,5,8,5,4,20240515,20210325,66,CF66,66,Active
115,3,1,2,1,4,20220602,20210827,67,CF67,67,Active
94,4,10,4,4,4,20240212,20231018,68,CF68,68,Active
290,8,9,3,4,3,20231228,20230710,69,CF69,69,Active
233,3,7,3,2,5,20230117,20220809,70,CF70,70,Active
51,8,10,2,2,2,20211012,20240908,71,CF71,71,Active
377,7,10,6,2,1,20221220,20240614,72,CF72,72,Active
213,8,2,10,5,1,20240312,20241109,73,CF73,73,Active
457,3,3,6,6,2,20231103,20210619,74,CF74,74,Active
155,2,7,7,2,3,20211223,20240907,75,CF75,75,Active
490,6,5,2,2,1,20210530,20240108,76,CF76,76,Active
376,2,1,6,1,5,20220222,20220614,77,CF77,77,Active
306,2,10,1,5,2,20210504,20220821,78,CF78,78,Active
58,1,10,3,1,1,20220401,20220414,79,CF79,79,Active
228,8,4,6,6,2,20220329,20240725,80,CF80,80,Active
394,2,10,9,6,3,20220912,20210412,81,CF81,81,Active
275,3,4,8,8,1,20241014,20241121,82,CF82,82,Active
392,3,5,9,1,1,20230402,20240711,83,CF83,83,Active
400,6,9,9,5,4,20211010,20231118,84,CF84,84,Active
500,8,9,2,6,3,20240915,20221126,85,CF85,85,Active
390,10,4,6,8,5,20210208,20221223,86,CF86,86,Active
346,4,8,8,6,4,20241121,20231128,87,CF87,87,Active
420,8,6,9,5,2,20230106,20230301,88,CF88,88,Active
428,7,5,4,7,2,20230402,20240512,89,CF89,89,Active
120,2,10,1,8,2,20210118,20210810,90,CF90,90,Active
107,5,2,1,7,2,20220206,20231227,91,CF91,91,Active
379,5,10,9,2,4,20240714,20230614,92,CF92,92,Active
24,9,2,10,7,3,20210121,20220818,93,CF93,93,Active
376,3,6,7,5,3,20210227,20241029,94,CF94,94,Active
196,3,8,3,5,3,20221211,20220702,95,CF95,95,Active
448,10,7,4,2,2,20211222,20230718,96,CF96,96,Active
184,5,3,4,4,3,20210805,20240611,97,CF97,97,Active
405,6,8,1,2,4,20220608,20230217,98,CF98,98,Active
1,10,5,3,6,4,20211022,20210909,99,CF99,99,Active
239,6,7,5,6,1,20231022,20211208,100,CF100,100,Active
131,6,2,10,8,1,20230415,20210621,101,CF101,101,Active
390,6,4,1,6,1,20210508,20210415,102,CF102,102,Active
322,8,8,10,4,3,20211106,20220721,103,CF103,103,Active
416,1,3,3,2,1,20230619,20230401,104,CF104,104,Active
146,2,1,10,7,4,20240329,20241028,105,CF105,105,Active
136,8,5,4,3,1,20230606,20230502,106,CF106,106,Active
300,7,6,6,4,2,20231103,20210403,107,CF107,107,Active
494,10,5,4,7,2,20220413,20221201,108,CF108,108,Active
319,10,2,2,2,1,20210917,20230616,109,CF109,109,Active
52,7,4,2,6,5,20230930,20230531,110,CF110,110,Active
188,10,7,3,7,3,20210420,20210525,111,CF111,111,Active
286,9,7,8,4,3,20210221,20210115,112,CF112,112,Active
279,9,3,3,5,5,20210420,20211208,113,CF113,113,Active
294,10,10,3,3,5,20241222,20211012,114,CF114,114,Active
56,8,2,9,7,3,20241213,20221008,115,CF115,115,Active
159,6,5,9,4,2,20211218,20220326,116,CF116,116,Active
414,5,5,6,2,5,20230514,20240816,117,CF117,117,Active
274,2,10,10,5,2,20241019,20230716,118,CF118,118,Active
44,1,7,6,4,5,20220404,20210209,119,CF119,119,Active
170,2,9,3,1,4,20240629,20230328,120,CF120,120,Active
90,2,2,2,3,4,20221012,20230709,121,CF121,121,Active
399,8,9,8,7,3,20230405,20240327,122,CF122,122,Active
37,7,8,8,4,3,20210729,20220112,123,CF123,123,Active
435,6,5,10,5,4,20240911,20240209,124,CF124,124,Active
7,8,6,2,4,5,20210312,20231009,125,CF125,125,Active
459,5,3,5,2,5,20220516,20220117,126,CF126,126,Active
414,8,7,6,3,4,20211225,20230409,127,CF127,127,Active
290,8,3,3,3,3,20210307,20210624,128,CF128,128,Active
281,5,3,7,8,5,20241212,20230612,129,CF129,129,Active
96,6,7,3,7,5,20240829,20240829,130,CF130,130,Active
102,6,4,10,5,4,20210618,20210920,131,CF131,131,Active
255,10,10,3,4,2,20211126,20210226,132,CF132,132,Active
13,9,3,6,5,2,20241115,20230327,133,CF133,133,Active
477,4,8,7,5,3,20220310,20231216,134,CF134,134,Active
218,1,8,7,6,2,20230721,20220616,135,CF135,135,Active
453,3,9,7,5,5,20211229,20211217,136,CF136,136,Active
352,8,7,1,1,5,20220315,20230705,137,CF137,137,Active
471,4,8,4,8,2,20230124,20210824,138,CF138,138,Active
263,10,9,2,3,2,20220104,20230911,139,CF139,139,Active
275,7,7,7,2,1,20231124,20210910,140,CF140,140,Active
69,5,5,5,3,3,20241016,20220228,141,CF141,141,Active
443,10,5,10,8,5,20220727,20241121,142,CF142,142,Active
6,7,8,9,1,3,20231220,20210625,143,CF143,143,Active
453,7,8,1,2,2,20230320,20220621,144,CF144,144,Active
173,2,5,6,4,5,20210323,20220107,145,CF145,145,Active
444,10,4,10,1,3,20240122,20220512,146,CF146,146,Active
274,1,7,3,3,2,20220603,20230907,147,CF147,147,Active
33,3,4,8,8,5,20230703,20230330,148,CF148,148,Active
269,6,9,5,7,3,20240331,20210517,149,CF149,149,Active
84,8,10,1,4,5,20240203,20211102,150,CF150,150,Active
452,9,1,4,5,4,20230530,20210901,151,CF151,151,Active
366,1,5,7,4,1,20230515,20231207,152,CF152,152,Active
106,10,4,2,6,3,20240212,20230506,153,CF153,153,Active
434,3,9,8,2,5,20211228,20210921,154,CF154,154,Active
438,8,6,1,7,4,20220213,20241205,155,CF155,155,Active
199,2,5,2,8,3,20210124,20221206,156,CF156,156,Active
478,1,1,9,1,3,20220313,20210715,157,CF157,157,Active
367,8,8,3,4,3,20241223,20221128,158,CF158,158,Active
351,3,4,6,4,1,20210623,20220109,159,CF159,159,Active
88,9,9,4,4,4,20210605,20210624,160,CF160,160,Active
62,5,3,3,1,1,20230227,20240919,161,CF161,161,Active
117,6,10,10,5,1,20240419,20210703,162,CF162,162,Active
44,5,7,7,4,4,20220217,20230220,163,CF163,163,Active
386,8,2,3,5,5,20220618,20220215,164,CF164,164,Active
191,1,3,9,2,3,20231128,20210419,165,CF165,165,Active
195,4,1,5,7,1,20210305,20230215,166,CF166,166,Active
115,3,5,2,7,1,20231125,20211213,167,CF167,167,Active
270,9,10,3,1,4,20241210,20230427,168,CF168,168,Active
353,3,4,9,7,4,20211020,20220603,169,CF169,169,Active
267,8,7,5,3,2,20240809,20220703,170,CF170,170,Active
25,1,8,9,1,4,20230422,20240905,171,CF171,171,Active
219,7,2,4,3,4,20220213,20210608,172,CF172,172,Active
365,10,5,5,1,5,20230222,20240511,173,CF173,173,Active
310,3,10,2,6,3,20230904,20230915,174,CF174,174,Active
117,9,2,1,7,5,20240304,20230411,175,CF175,175,Active
171,8,8,8,4,1,20210131,20210922,176,CF176,176,Active
2,1,3,1,1,5,20211127,20230608,177,CF177,177,Active
452,7,3,9,2,4,20220926,20221002,178,CF178,178,Active
182,8,5,10,6,2,20210307,20240523,179,CF179,179,Active
443,1,1,7,1,1,20240801,20240328,180,CF180,180,Active
46,1,6,2,7,5,20221022,20211213,181,CF181,181,Active
394,2,1,6,8,1,20210307,20230113,182,CF182,182,Active
419,1,3,4,2,3,20231230,20241128,183,CF183,183,Active
126,1,1,8,4,1,20221126,20240906,184,CF184,184,Active
441,3,7,7,3,5,20240309,20230226,185,CF185,185,Active
481,6,10,6,4,2,20241117,20230703,186,CF186,186,Active
126,2,8,7,2,3,20210617,20210810,187,CF187,187,Active
370,9,1,6,8,2,20240718,20230325,188,CF188,188,Active
189,1,10,1,5,3,20221003,20210319,189,CF189,189,Active
29,8,9,4,3,5,20210103,20211017,190,CF190,190,Active
235,6,9,8,4,4,20220508,20220321,191,CF191,191,Active
456,10,1,8,5,3,20240809,20220704,192,CF192,192,Active
463,10,2,9,3,1,20230320,20231026,193,CF193,193,Active
363,6,7,7,2,1,20241016,20220708,194,CF194,194,Active
311,2,6,7,5,5,20210603,20220115,195,CF195,195,Active
193,7,4,5,6,3,20220901,20241129,196,CF196,196,Active
188,10,3,8,7,4,20230731,20210813,197,CF197,197,Active
362,4,5,1,3,4,20220505,20240611,198,CF198,198,Active
498,1,4,8,7,1,20230708,20240122,199,CF199,199,Active
408,2,2,7,1,5,20210102,20231210,200,CF200,200,Active
203,4,8,6,4,3,20221113,20241116,201,CF201,201,Active
147,1,3,2,8,4,20230708,20241110,202,CF202,202,Active
259,3,4,9,3,5,20210209,20211102,203,CF203,203,Active
264,9,8,2,2,3,20240607,20240513,204,CF204,204,Active
251,9,5,4,7,2,20220127,20231003,205,CF205,205,Active
215,1,3,7,7,4,20220602,20231028,206,CF206,206,Active
188,5,7,6,6,2,20230718,20211223,207,CF207,207,Active
484,7,10,4,1,2,20220902,20220126,208,CF208,208,Active
108,9,1,6,5,5,20230327,20230309,209,CF209,209,Active
251,10,9,6,7,3,20230818,20220425,210,CF210,210,Active
104,2,7,8,5,1,20230810,20220202,211,CF211,211,Active
402,4,2,4,2,1,20211220,20230627,212,CF212,212,Active
481,6,7,2,2,5,20210623,20220510,213,CF213,213,Active
216,2,7,6,8,3,20231026,20210131,214,CF214,214,Active
182,8,9,1,3,5,20240215,20240126,215,CF215,215,Active
212,8,6,9,3,5,20210404,20240206,216,CF216,216,Active
40,4,4,4,1,2,20210810,20220411,217,CF217,217,Active
408,9,2,4,4,4,20230501,20211013,218,CF218,218,Active
371,3,3,5,3,5,20220428,20240506,219,CF219,219,Active
377,8,10,1,2,1,20210331,20221124,220,CF220,220,Active
414,2,3,6,4,5,20221127,20240929,221,CF221,221,Active
414,1,9,3,4,3,20210814,20240505,222,CF222,222,Active
177,8,6,3,3,2,20220523,20240214,223,CF223,223,Active
345,8,4,10,5,3,20210806,20220918,224,CF224,224,Active
266,8,5,4,5,5,20210405,20220804,225,CF225,225,Active
314,3,10,10,3,2,20211019,20230106,226,CF226,226,Active
458,1,4,7,2,4,20210917,20211111,227,CF227,227,Active
416,3,4,9,8,3,20240613,20220220,228,CF228,228,Active
363,10,4,7,7,1,20220315,20241002,229,CF229,229,Active
153,4,8,10,6,4,20211228,20220710,230,CF230,230,Active
90,1,5,4,1,5,20231002,20231028,231,CF231,231,Active
91,9,10,4,6,5,20240524,20220719,232,CF232,232,Active
352,8,3,2,6,3,20211204,20220506,233,CF233,233,Active
482,8,6,2,4,2,20241004,20230224,234,CF234,234,Active
387,9,7,2,8,1,20221201,20210203,235,CF235,235,Active
213,4,5,5,2,2,20240913,20210430,236,CF236,236,Active
400,1,10,6,1,1,20210120,20241106,237,CF237,237,Active
15,9,9,10,3,3,20230901,20230914,238,CF238,238,Active
292,5,5,4,5,1,20230224,20210703,239,CF239,239,Active
368,6,2,3,4,1,20231219,20220616,240,CF240,240,Active
300,6,6,5,3,4,20240201,20240122,241,CF241,241,Active
142,6,3,7,6,3,20241023,20210107,242,CF242,242,Active
128,5,5,4,8,2,20241201,20230910,243,CF243,243,Active
211,3,9,1,2,3,20210221,20230913,244,CF244,244,Active
315,3,8,2,7,4,20210906,20220605,245,CF245,245,Active
143,4,3,5,8,2,20231003,20240723,246,CF246,246,Active
67,5,6,3,1,5,20220623,20240917,247,CF247,247,Active
205,7,1,8,5,1,20240307,20230322,248,CF248,248,Active
182,1,2,5,8,1,20230329,20210730,249,CF249,249,Active
33,7,2,5,8,4,20220916,20210409,250,CF250,250,Active
331,1,9,4,2,2,20210816,20210110,251,CF251,251,Active
39,3,2,10,2,2,20220827,20221122,252,CF252,252,Active
201,3,6,10,7,3,20220319,20230622,253,CF253,253,Active
75,1,6,6,4,4,20230613,20231202,254,CF254,254,Active
202,3,10,7,5,2,20210316,20230902,255,CF255,255,Active
408,4,6,8,5,3,20240718,20221119,256,CF256,256,Active
293,9,5,1,5,1,20240314,20240321,257,CF257,257,Active
215,3,7,10,4,2,20241026,20211203,258,CF258,258,Active
37,8,5,7,1,4,20240403,20230831,259,CF259,259,Active
438,1,9,4,3,3,20240825,20210219,260,CF260,260,Active
167,1,7,4,5,4,20230101,20220506,261,CF261,261,Active
202,10,4,2,4,5,20230709,20240506,262,CF262,262,Active
404,10,9,7,5,5,20210806,20240928,263,CF263,263,Active
184,9,8,6,3,3,20210924,20241107,264,CF264,264,Active
23,10,8,10,2,2,20211101,20241112,265,CF265,265,Active
322,7,3,10,2,1,20220411,20230710,266,CF266,266,Active
14,8,6,2,2,3,20220701,20230521,267,CF267,267,Active
44,3,8,10,2,1,20240731,20220527,268,CF268,268,Active
112,8,7,6,4,4,20240702,20210313,269,CF269,269,Active
485,3,8,10,5,4,20211116,20211005,270,CF270,270,Active
183,7,6,8,7,1,20221117,20230310,271,CF271,271,Active
7,9,5,9,6,5,20210808,20230612,272,CF272,272,Active
473,8,1,4,2,3,20241114,20230817,273,CF273,273,Active
159,2,7,6,8,3,20210109,20220322,274,CF274,274,Active
59,6,5,1,7,1,20230806,20240402,275,CF275,275,Active
165,2,1,10,3,5,20230530,20230129,276,CF276,276,Active
71,5,9,5,4,3,20230124,20221016,277,CF277,277,Active
35,7,7,3,5,2,20230604,20230520,278,CF278,278,Active
370,5,3,9,3,2,20221230,20240105,279,CF279,279,Active
496,4,10,7,2,3,20210518,20240527,280,CF280,280,Active
11,9,7,10,6,4,20230407,20221118,281,CF281,281,Active
387,7,5,10,2,3,20240114,20241225,282,CF282,282,Active
8,1,8,8,4,5,20240724,20230227,283,CF283,283,Active
152,1,2,1,2,5,20220527,20210226,284,CF284,284,Active
405,1,2,1,7,1,20220109,20230729,285,CF285,285,Active
420,2,3,8,4,5,20240717,20230717,286,CF286,286,Active
257,3,2,7,7,3,20241124,20210420,287,CF287,287,Active
470,3,5,6,4,5,20241217,20211231,288,CF288,288,Active
30,5,4,6,1,5,20240501,20230302,289,CF289,289,Active
434,7,2,5,8,3,20221128,20210521,290,CF290,290,Active
264,3,8,4,5,4,20210223,20240123,291,CF291,291,Active
31,5,4,7,7,1,20231128,20240730,292,CF292,292,Active
194,3,1,9,7,1,20221222,20241217,293,CF293,293,Active
84,5,6,2,5,1,20220322,20220819,294,CF294,294,Active
239,4,6,9,5,3,20240807,20211127,295,CF295,295,Active
18,6,3,2,4,1,20220228,20230327,296,CF296,296,Active
423,6,1,4,8,4,20220823,20220125,297,CF297,297,Active
265,2,7,6,8,4,20240317,20230303,298,CF298,298,Active
93,7,2,5,6,5,20220301,20221025,299,CF299,299,Active
424,8,9,3,7,4,20241202,20210211,300,CF300,300,Active
205,2,1,5,3,2,20210807,20220228,301,CF301,301,Active
23,10,7,3,6,3,20240129,20230211,302,CF302,302,Active
267,8,9,3,6,1,20220225,20240210,303,CF303,303,Active
303,2,1,4,3,3,20230412,20210523,304,CF304,304,Active
250,10,7,1,3,2,20241003,20240920,305,CF305,305,Active
146,2,4,10,3,4,20220317,20230628,306,CF306,306,Active
230,2,7,10,5,2,20210301,20240927,307,CF307,307,Active
109,9,6,3,8,2,20211214,20240520,308,CF308,308,Active
243,1,3,7,7,4,20220611,20231209,309,CF309,309,Active
462,4,6,2,4,5,20240728,20240324,310,CF310,310,Active
168,3,8,8,4,2,20220828,20210412,311,CF311,311,Active
392,6,5,2,3,5,20240601,20221117,312,CF312,312,Active
252,2,8,2,4,5,20210428,20230408,313,CF313,313,Active
262,8,8,7,7,2,20220123,20221025,314,CF314,314,Active
59,5,2,8,7,2,20241030,20210813,315,CF315,315,Active
101,5,7,3,4,1,20221017,20230301,316,CF316,316,Active
12,1,1,8,8,2,20220225,20240918,317,CF317,317,Active
295,7,3,4,5,3,20231008,20210414,318,CF318,318,Active
133,3,3,4,2,4,20220422,20211226,319,CF319,319,Active
408,5,9,2,4,2,20210513,20231214,320,CF320,320,Active
246,2,2,1,8,4,20240310,20220110,321,CF321,321,Active
475,10,5,5,3,5,20230301,20220825,322,CF322,322,Active
251,2,5,8,7,2,20210129,20221123,323,CF323,323,Active
385,8,4,5,3,1,20231108,20210904,324,CF324,324,Active
181,5,2,5,5,3,20211009,20231204,325,CF325,325,Active
338,3,3,5,6,4,20231007,20240424,326,CF326,326,Active
445,10,2,4,8,2,20240830,20230202,327,CF327,327,Active
471,3,6,5,8,1,20231018,20210118,328,CF328,328,Active
454,7,4,6,4,1,20231223,20240127,329,CF329,329,Active
398,8,4,6,2,5,20231016,20240921,330,CF330,330,Active
476,8,8,3,2,4,20241218,20220222,331,CF331,331,Active
138,2,1,10,1,5,20210209,20240310,332,CF332,332,Active
135,6,10,3,3,2,20240606,20210127,333,CF333,333,Active
291,8,8,2,3,3,20220923,20240811,334,CF334,334,Active
92,6,5,9,1,2,20210507,20221209,335,CF335,335,Active
365,4,5,5,5,2,20220629,20231205,336,CF336,336,Active
122,4,8,6,8,4,20241115,20230720,337,CF337,337,Active
275,10,8,5,1,4,20230226,20240430,338,CF338,338,Active
184,5,1,4,5,2,20210716,20210729,339,CF339,339,Active
314,6,7,7,3,4,20220123,20231110,340,CF340,340,Active
490,3,1,4,6,5,20210605,20231208,341,CF341,341,Active
494,10,2,7,4,5,20220716,20211015,342,CF342,342,Active
436,3,5,2,5,2,20240907,20231128,343,CF343,343,Active
398,1,1,2,4,4,20240720,20220409,344,CF344,344,Active
188,1,4,8,8,1,20240310,20210427,345,CF345,345,Active
287,2,2,8,8,4,20230327,20211028,346,CF346,346,Active
315,4,1,9,7,5,20221202,20230106,347,CF347,347,Active
145,2,6,5,4,4,20220424,20210323,348,CF348,348,Active
324,5,3,2,5,1,20230430,20221219,349,CF349,349,Active
92,7,8,7,8,4,20240827,20210805,350,CF350,350,Active
218,4,4,2,1,5,20220316,20240821,351,CF351,351,Active
407,2,1,9,1,4,20230724,20211222,352,CF352,352,Active
187,3,4,3,8,4,20210911,20230427,353,CF353,353,Active
207,7,2,5,5,3,20220902,20240805,354,CF354,354,Active
142,8,4,8,7,1,20240922,20230126,355,CF355,355,Active
382,2,6,7,6,2,20230913,20210919,356,CF356,356,Active
377,9,4,6,5,3,20230201,20210516,357,CF357,357,Active
219,8,2,1,5,2,20240522,20230824,358,CF358,358,Active
59,7,4,9,7,3,20241221,20220615,359,CF359,359,Active
125,7,10,2,6,4,20221130,20241230,360,CF360,360,Active
219,6,8,5,1,4,20220106,20220108,361,CF361,361,Active
368,4,6,8,4,1,20241227,20211116,362,CF362,362,Active
333,7,4,7,7,2,20241001,20241228,363,CF363,363,Active
156,3,7,5,4,4,20210215,20240816,364,CF364,364,Active
73,10,8,5,8,2,20221124,20210209,365,CF365,365,Active
150,9,2,4,8,4,20220624,20210224,366,CF366,366,Active
390,9,3,2,5,2,20220920,20211207,367,CF367,367,Active
182,10,7,5,3,1,20230603,20230124,368,CF368,368,Active
350,7,7,9,1,1,20220423,20230329,369,CF369,369,Active
345,9,8,6,6,2,20240727,20240506,370,CF370,370,Active
490,9,10,3,1,3,20220920,20230105,371,CF371,371,Active
233,10,10,7,6,2,20230210,20221214,372,CF372,372,Active
77,9,5,1,2,2,20230814,20231108,373,CF373,373,Active
310,6,10,4,8,4,20231119,20230421,374,CF374,374,Active
216,7,7,4,2,1,20241120,20221229,375,CF375,375,Active
397,1,10,4,2,5,20220921,20220922,376,CF376,376,Active
108,5,9,4,4,1,20210710,20210826,377,CF377,377,Active
64,3,6,9,4,2,20230601,20231119,378,CF378,378,Active
156,1,5,1,7,3,20240127,20210110,379,CF379,379,Active
203,4,3,2,5,2,20230827,20230224,380,CF380,380,Active
296,3,1,7,5,1,20230213,20231219,381,CF381,381,Active
357,7,6,2,3,4,20210216,20220823,382,CF382,382,Active
55,3,1,6,1,1,20211123,20220603,383,CF383,383,Active
46,7,1,6,2,1,20240720,20210917,384,CF384,384,Active
379,9,9,9,4,2,20231015,20240304,385,CF385,385,Active
22,10,9,1,3,2,20230303,20230907,386,CF386,386,Active
10,1,6,10,1,2,20230910,20230331,387,CF387,387,Active
352,2,3,8,1,1,20221209,20220411,388,CF388,388,Active
95,6,2,3,7,4,20210402,20210805,389,CF389,389,Active
104,6,7,2,4,2,20220909,20210423,390,CF390,390,Active
140,10,7,8,4,1,20240701,20241117,391,CF391,391,Active
128,6,2,2,2,2,20220227,20211221,392,CF392,392,Active
251,8,9,2,6,5,20230705,20231019,393,CF393,393,Active
207,8,7,8,4,1,20240319,20211104,394,CF394,394,Active
50,2,8,7,1,3,20220511,20240128,395,CF395,395,Active
312,8,6,2,1,5,20220905,20240405,396,CF396,396,Active
97,3,5,3,6,2,20231023,20230827,397,CF397,397,Active
69,3,5,6,7,3,20240910,20240513,398,CF398,398,Active
331,7,9,4,5,4,20231002,20240412,399,CF399,399,Active
23,6,4,1,3,2,20241114,20221018,400,CF400,400,Active
438,8,1,1,2,2,20210213,20240719,401,CF401,401,Active
175,3,1,9,2,5,20240710,20220413,402,CF402,402,Active
409,5,6,6,2,1,20230906,20240502,403,CF403,403,Active
395,10,10,2,6,3,20211127,20230205,404,CF404,404,Active
196,3,9,7,2,3,20210222,20231128,405,CF405,405,Active
334,6,9,8,4,5,20240912,20210221,406,CF406,406,Active
357,10,8,6,4,5,20230618,20220127,407,CF407,407,Active
111,9,8,2,3,4,20240907,20220912,408,CF408,408,Active
26,5,2,9,3,4,20221217,20230128,409,CF409,409,Active
232,1,3,2,2,4,20230114,20241104,410,CF410,410,Active
158,7,5,3,7,4,20240822,20241030,411,CF411,411,Active
394,10,9,7,4,1,20220812,20230608,412,CF412,412,Active
226,10,10,1,8,4,20230710,20221122,413,CF413,413,Active
208,9,8,9,4,3,20230608,20240311,414,CF414,414,Active
78,8,4,6,4,3,20231115,20210825,415,CF415,415,Active
388,4,1,3,4,1,20230417,20221029,416,CF416,416,Active
93,8,3,10,4,4,20230609,20220226,417,CF417,417,Active
264,2,5,5,2,2,20240528,20241123,418,CF418,418,Active
85,7,4,1,7,5,20231205,20230418,419,CF419,419,Active
154,6,2,9,4,3,20230129,20230522,420,CF420,420,Active
216,6,6,1,7,4,20210827,20220629,421,CF421,421,Active
57,2,3,7,5,1,20230909,20230807,422,CF422,422,Active
57,1,2,3,1,3,20230724,20221116,423,CF423,423,Active
143,7,10,3,3,1,20241031,20210426,424,CF424,424,Active
97,1,7,3,1,4,20220606,20231128,425,CF425,425,Active
205,6,6,10,2,4,20231014,20220321,426,CF426,426,Active
430,3,5,8,3,1,20220425,20231006,427,CF427,427,Active
143,3,3,1,6,3,20211211,20240810,428,CF428,428,Active
14,2,6,8,1,3,20221221,20240403,429,CF429,429,Active
483,7,10,10,2,5,20240116,20210223,430,CF430,430,Active
54,7,8,1,2,4,20231215,20221130,431,CF431,431,Active
369,10,10,2,7,2,20220720,20230305,432,CF432,432,Active
114,4,3,7,6,2,20230209,20240523,433,CF433,433,Active
146,6,9,9,6,5,20241214,20210610,434,CF434,434,Active
391,2,10,9,4,4,20210420,20220520,435,CF435,435,Active
333,7,8,4,3,3,20210304,20230926,436,CF436,436,Active
91,4,6,10,5,2,20230909,20210916,437,CF437,437,Active
34,8,8,9,8,4,20210624,20220201,438,CF438,438,Active
359,5,7,3,6,4,20220713,20230207,439,CF439,439,Active
40,2,7,6,4,1,20220523,20230204,440,CF440,440,Active
258,5,2,7,7,1,20231216,20210209,441,CF441,441,Active
356,1,9,5,8,3,20240117,20231011,442,CF442,442,Active
71,4,3,4,5,5,20211026,20230925,443,CF443,443,Active
358,8,5,7,5,5,20220707,20220707,444,CF444,444,Active
71,2,4,1,5,5,20231214,20240511,445,CF445,445,Active
246,4,6,10,3,2,20240726,20211214,446,CF446,446,Active
135,6,8,2,8,4,20240805,20240904,447,CF447,447,Active
233,1,10,5,2,5,20241110,20221130,448,CF448,448,Active
55,5,10,7,6,2,20221005,20210514,449,CF449,449,Active
153,7,5,10,5,5,20230924,20220118,450,CF450,450,Active
203,9,5,6,4,3,20241108,20220316,451,CF451,451,Active
463,10,6,4,3,5,20221003,20241203,452,CF452,452,Active
382,8,5,5,8,3,20210521,20230712,453,CF453,453,Active
279,7,8,9,7,1,20211124,20220830,454,CF454,454,Active
398,6,5,7,2,2,20221009,20230823,455,CF455,455,Active
21,8,10,8,6,1,20231114,20221201,456,CF456,456,Active
29,3,9,10,4,4,20211122,20220802,457,CF457,457,Active
316,2,4,8,6,5,20210901,20240811,458,CF458,458,Active
303,8,1,9,7,1,20230519,20210613,459,CF459,459,Active
184,9,5,4,7,4,20230117,20220627,460,CF460,460,Active
252,6,5,2,7,4,20241006,20220505,461,CF461,461,Active
471,5,7,2,3,4,20230601,20240327,462,CF462,462,Active
360,6,4,9,6,4,20221228,20231025,463,CF463,463,Active
292,6,5,9,8,2,20240906,20210712,464,CF464,464,Active
390,3,10,2,6,4,20240504,20211028,465,CF465,465,Active
148,10,9,5,8,4,20240117,20211120,466,CF466,466,Active
458,2,10,7,4,1,20220426,20220603,467,CF467,467,Active
338,8,5,7,2,3,20220801,20240204,468,CF468,468,Active
52,8,8,7,2,4,20240524,20211016,469,CF469,469,Active
113,4,8,3,2,2,20210531,20230308,470,CF470,470,Active
189,5,10,10,7,3,20220603,20220924,471,CF471,471,Active
464,2,4,5,8,3,20241022,20230814,472,CF472,472,Active
86,9,7,4,6,3,20210531,20240805,473,CF473,473,Active
380,9,10,4,8,5,20220319,20230225,474,CF474,474,Active
343,8,6,6,3,3,20230220,20240123,475,CF475,475,Active
243,8,8,10,3,2,20211222,20230823,476,CF476,476,Active
289,3,2,6,3,5,20240313,20220507,477,CF477,477,Active
139,3,4,6,8,5,20241219,20231016,478,CF478,478,Active
142,7,1,9,1,2,20220704,20210611,479,CF479,479,Active
179,10,5,4,6,1,20240118,20231227,480,CF480,480,Active
153,8,1,8,7,3,20240623,20210618,481,CF481,481,Active
10,5,9,9,5,4,20210822,20230209,482,CF482,482,Active
377,6,1,4,5,5,20220717,20240203,483,CF483,483,Active
378,9,8,2,7,2,20240807,20220725,484,CF484,484,Active
29,1,1,9,2,2,20210212,20210612,485,CF485,485,Active
280,2,7,6,3,1,20240602,20211219,486,CF486,486,Active
470,5,1,8,3,1,20230621,20211222,487,CF487,487,Active
123,6,5,10,2,4,20240220,20231024,488,CF488,488,Active
164,3,8,10,6,2,20240317,20240602,489,CF489,489,Active
270,6,7,5,6,5,20241004,20240927,490,CF490,490,Active
150,1,5,9,4,2,20241016,20230505,491,CF491,491,Active
444,6,7,8,8,1,20230511,20210623,492,CF492,492,Active
163,2,9,8,5,2,20231227,20220318,493,CF493,493,Active
176,10,7,6,4,2,20230502,20210630,494,CF494,494,Active
450,9,1,6,4,4,20211202,20241230,495,CF495,495,Active
59,4,7,1,3,3,20210725,20240605,496,CF496,496,Active
112,1,7,6,6,5,20221012,20220127,497,CF497,497,Active
245,3,5,5,8,4,20211212,20241030,498,CF498,498,Active
226,7,5,9,8,1,20230417,20211122,499,CF499,499,Active
43,10,2,3,8,4,20230607,20230722,500,CF500,500,Active
32,6,5,3,3,5,20230803,20221115,501,CF501,501,Active
497,5,7,9,5,4,20240823,20220803,502,CF502,502,Active
271,9,7,6,1,1,20210818,20240807,503,CF503,503,Active
376,7,8,6,5,1,20220220,20220721,504,CF504,504,Active
151,7,6,2,1,2,20221225,20230114,505,CF505,505,Active
2,9,2,7,8,4,20210627,20210201,506,CF506,506,Active
359,8,1,4,4,2,20240417,20241121,507,CF507,507,Active
303,5,3,3,6,2,20220609,20230809,508,CF508,508,Active
17,2,7,7,2,1,20220401,20220531,509,CF509,509,Active
177,2,3,7,5,2,20220201,20240925,510,CF510,510,Active
40,2,6,3,4,2,20240223,20241223,511,CF511,511,Active
32,4,7,4,1,2,20220524,20240824,512,CF512,512,Active
213,2,5,3,4,3,20240907,20240321,513,CF513,513,Active
398,2,3,9,4,1,20230507,20220613,514,CF514,514,Active
450,5,4,6,3,3,20231215,20220520,515,CF515,515,Active
434,4,5,10,1,3,20210922,20240428,516,CF516,516,Active
341,10,3,10,6,1,20241114,20220508,517,CF517,517,Active
474,10,8,3,6,5,20241016,20240415,518,CF518,518,Active
421,9,7,2,5,4,20221113,20240829,519,CF519,519,Active
234,10,3,6,1,4,20220320,20230213,520,CF520,520,Active
326,1,5,10,3,3,20241014,20220313,521,CF521,521,Active
151,9,8,2,6,1,20241124,20210507,522,CF522,522,Active
263,5,5,10,7,3,20240528,20220207,523,CF523,523,Active
309,4,7,2,3,2,20241016,20220802,524,CF524,524,Active
45,5,7,5,2,4,20230901,20230402,525,CF525,525,Active
89,10,6,9,6,5,20220515,20220513,526,CF526,526,Active
334,7,7,10,1,2,20210318,20210222,527,CF527,527,Active
319,3,3,10,3,1,20210419,20230112,528,CF528,528,Active
328,4,8,5,3,1,20221102,20230819,529,CF529,529,Active
329,8,1,9,5,5,20241112,20240715,530,CF530,530,Active
449,7,8,3,1,4,20230417,20220110,531,CF531,531,Active
167,9,1,1,8,1,20210604,20210915,532,CF532,532,Active
9,9,1,4,7,5,20220426,20230831,533,CF533,533,Active
471,5,7,5,8,5,20240118,20211121,534,CF534,534,Active
150,3,8,7,2,1,20210226,20230119,535,CF535,535,Active
305,8,1,8,7,5,20231114,20220915,536,CF536,536,Active
476,9,3,10,5,4,20210323,20220407,537,CF537,537,Active
172,6,10,2,2,2,20230730,20230903,538,CF538,538,Active
431,2,6,3,7,5,20230227,20221109,539,CF539,539,Active
103,5,10,6,5,5,20211005,20240710,540,CF540,540,Active
329,9,3,9,4,1,20231130,20220913,541,CF541,541,Active
359,4,8,3,6,3,20221203,20230526,542,CF542,542,Active
446,5,4,3,2,4,20220109,20240208,543,CF543,543,Active
72,5,7,7,4,2,20221203,20240916,544,CF544,544,Active
408,6,9,9,7,5,20230103,20230630,545,CF545,545,Active
305,3,9,7,7,2,20230121,20241022,546,CF546,546,Active
307,5,3,2,7,2,20220710,20220225,547,CF547,547,Active
331,7,2,1,4,5,20231001,20220107,548,CF548,548,Active
424,10,8,5,4,4,20240229,20240208,549,CF549,549,Active
472,10,2,6,3,2,20210529,20240318,550,CF550,550,Active
322,2,8,7,2,1,20230203,20211212,551,CF551,551,Active
241,3,9,1,4,2,20241206,20210425,552,CF552,552,Active
38,8,6,5,5,5,20230122,20220327,553,CF553,553,Active
319,4,9,9,5,1,20210423,20240303,554,CF554,554,Active
220,9,5,4,7,3,20210319,20220629,555,CF555,555,Active
52,3,3,10,1,3,20231116,20240624,556,CF556,556,Active
33,3,3,6,8,2,20220802,20240806,557,CF557,557,Active
70,1,10,10,1,2,20240712,20221226,558,CF558,558,Active
486,2,3,1,8,5,20230616,20230402,559,CF559,559,Active
80,10,9,3,4,3,20210724,20220323,560,CF560,560,Active
187,2,5,10,1,1,20231029,20220331,561,CF561,561,Active
202,2,1,5,8,3,20220920,20221021,562,CF562,562,Active
105,1,3,7,5,3,20220726,20230203,563,CF563,563,Active
154,3,7,9,3,4,20240223,20220106,564,CF564,564,Active
293,5,6,9,1,1,20241121,20230827,565,CF565,565,Active
243,3,3,8,6,3,20241018,20230511,566,CF566,566,Active
295,3,2,9,2,4,20231112,20230703,567,CF567,567,Active
110,6,8,8,4,2,20221105,20241026,568,CF568,568,Active
84,8,2,10,8,4,20241224,20210701,569,CF569,569,Active
458,4,9,6,1,5,20210310,20210607,570,CF570,570,Active
271,6,9,4,8,5,20230401,20210220,571,CF571,571,Active
427,10,7,6,2,5,20220124,20210503,572,CF572,572,Active
309,5,4,7,1,4,20230222,20230919,573,CF573,573,Active
253,9,6,2,2,5,20210418,20230702,574,CF574,574,Active
353,4,4,7,1,1,20220402,20230704,575,CF575,575,Active
427,6,4,8,7,3,20230119,20220109,576,CF576,576,Active
263,10,2,9,4,3,20220906,20220803,577,CF577,577,Active
223,6,7,6,7,2,20221114,20220629,578,CF578,578,Active
259,9,6,8,6,3,20240302,20230122,579,CF579,579,Active
296,7,7,8,4,5,20210217,20220621,580,CF580,580,Active
164,7,8,8,2,1,20210314,20241129,581,CF581,581,Active
110,1,5,10,6,1,20231008,20220123,582,CF582,582,Active
382,6,8,2,2,4,20230514,20220211,583,CF583,583,Active
311,1,9,4,8,5,20220221,20231026,584,CF584,584,Active
323,1,3,2,8,4,20240927,20220107,585,CF585,585,Active
262,4,2,5,7,1,20230223,20230902,586,CF586,586,Active
194,1,4,3,2,1,20240311,20220623,587,CF587,587,Active
141,2,4,10,6,2,20231107,20231205,588,CF588,588,Active
147,9,4,7,7,5,20221125,20220112,589,CF589,589,Active
193,1,4,3,4,4,20240222,20220130,590,CF590,590,Active
382,2,8,4,8,5,20221109,20210423,591,CF591,591,Active
472,8,9,5,8,5,20221208,20210201,592,CF592,592,Active
165,10,6,3,8,3,20220111,20230522,593,CF593,593,Active
118,6,5,1,5,1,20240521,20221112,594,CF594,594,Active
396,1,10,4,2,4,20221204,20240707,595,CF595,595,Active
277,3,2,5,3,1,20221101,20210817,596,CF596,596,Active
352,4,3,2,2,2,20210901,20210107,597,CF597,597,Active
421,5,9,3,6,2,20210208,20240312,598,CF598,598,Active
1,10,8,8,3,1,20230424,20220525,599,CF599,599,Active
265,1,1,3,8,4,20220805,20240131,600,CF600,600,Active
469,9,9,4,1,3,20230621,20210628,601,CF601,601,Active
400,9,5,5,7,2,20220410,20240506,602,CF602,602,Active
290,3,2,2,7,2,20230419,20241120,603,CF603,603,Active
263,4,3,4,4,2,20230613,20211031,604,CF604,604,Active
87,1,8,1,1,1,20210101,20241027,605,CF605,605,Active
114,4,6,7,8,5,20240827,20210130,606,CF606,606,Active
286,7,1,2,7,1,20241128,20221029,607,CF607,607,Active
146,7,3,1,4,1,20230915,20230923,608,CF608,608,Active
30,8,10,10,1,5,20220626,20230531,609,CF609,609,Active
324,6,9,3,5,5,20240415,20231125,610,CF610,610,Active
186,10,1,7,6,1,20210201,20211226,611,CF611,611,Active
379,3,9,3,6,2,20220514,20220621,612,CF612,612,Active
57,7,3,3,4,4,20220603,20210706,613,CF613,613,Active
198,6,1,8,2,1,20220530,20230510,614,CF614,614,Active
242,5,3,7,4,3,20221027,20240314,615,CF615,615,Active
275,1,10,9,6,5,20230406,20220713,616,CF616,616,Active
136,7,3,4,7,2,20241215,20221222,617,CF617,617,Active
323,7,5,3,2,4,20221103,20231102,618,CF618,618,Active
188,8,9,9,4,2,20210428,20210601,619,CF619,619,Active
435,1,9,6,7,1,20211219,20240109,620,CF620,620,Active
333,3,2,7,5,2,20240625,20220605,621,CF621,621,Active
241,9,4,5,4,1,20220905,20220426,622,CF622,622,Active
84,5,8,3,7,3,20230506,20210122,623,CF623,623,Active
264,4,9,1,3,3,20241030,20230207,624,CF624,624,Active
86,7,5,8,8,2,20240320,20230816,625,CF625,625,Active
451,5,1,9,8,3,20231024,20220311,626,CF626,626,Active
178,2,7,9,2,1,20241125,20210626,627,CF627,627,Active
21,1,10,9,7,3,20210302,20240703,628,CF628,628,Active
28,6,10,6,7,4,20230825,20220729,629,CF629,629,Active
218,5,8,2,6,3,20230309,20220813,630,CF630,630,Active
259,6,9,10,3,2,20210115,20230422,631,CF631,631,Active
339,3,3,9,6,3,20220930,20220204,632,CF632,632,Active
64,5,2,8,1,1,20221209,20210429,633,CF633,633,Active
175,8,2,7,3,5,20210815,20240603,634,CF634,634,Active
342,7,1,9,2,3,20230127,20230203,635,CF635,635,Active
350,10,6,10,8,4,20210713,20240704,636,CF636,636,Active
498,7,5,8,6,3,20210904,20230814,637,CF637,637,Active
209,2,1,8,3,1,20230417,20210509,638,CF638,638,Active
339,7,2,9,4,2,20210316,20240227,639,CF639,639,Active
210,7,4,2,2,5,20230619,20221125,640,CF640,640,Active
19,4,5,5,8,1,20210718,20241128,641,CF641,641,Active
34,5,6,5,4,4,20240819,20221211,642,CF642,642,Active
371,7,2,1,2,5,20240326,20230602,643,CF643,643,Active
193,4,5,10,3,3,20210119,20210930,644,CF644,644,Active
294,4,2,2,4,5,20230614,20231209,645,CF645,645,Active
408,5,9,8,8,2,20230206,20230218,646,CF646,646,Active
160,6,7,5,2,5,20221101,20240120,647,CF647,647,Active
244,2,7,2,7,5,20220808,20230430,648,CF648,648,Active
182,6,10,10,8,5,20211007,20230215,649,CF649,649,Active
167,1,5,5,5,4,20240326,20221111,650,CF650,650,Active
263,9,2,1,7,4,20231125,20220117,651,CF651,651,Active
212,9,8,9,1,2,20230728,20240929,652,CF652,652,Active
354,7,9,7,4,1,20220516,20230311,653,CF653,653,Active
26,6,2,7,6,3,20210822,20220522,654,CF654,654,Active
112,3,3,3,2,5,20210520,20241222,655,CF655,655,Active
439,7,4,10,6,4,20221115,20221209,656,CF656,656,Active
129,8,1,3,6,1,20231227,20241030,657,CF657,657,Active
422,9,8,9,2,1,20241020,20230325,658,CF658,658,Active
90,9,5,3,4,2,20230304,20241016,659,CF659,659,Active
490,7,5,5,1,1,20210126,20230612,660,CF660,660,Active
305,3,7,8,2,1,20210321,20220610,661,CF661,661,Active
293,6,6,5,4,2,20220612,20210801,662,CF662,662,Active
433,1,9,6,6,2,20230117,20220321,663,CF663,663,Active
63,6,10,8,1,3,20240426,20240421,664,CF664,664,Active
352,2,6,6,1,3,20221222,20210910,665,CF665,665,Active
452,4,2,8,6,1,20240625,20220429,666,CF666,666,Active
39,7,8,3,4,3,20211231,20230607,667,CF667,667,Active
111,8,3,10,2,2,20220917,20221115,668,CF668,668,Active
5,9,7,5,8,3,20241104,20240514,669,CF669,669,Active
39,3,8,1,4,1,20210226,20231128,670,CF670,670,Active
122,6,6,6,3,4,20241010,20220227,671,CF671,671,Active
419,10,9,1,3,4,20220928,20231104,672,CF672,672,Active
455,3,7,6,5,2,20230215,20220225,673,CF673,673,Active
76,10,7,5,6,1,20240113,20220308,674,CF674,674,Active
303,4,10,10,7,1,20210807,20230927,675,CF675,675,Active
23,10,6,4,1,4,20241104,20210618,676,CF676,676,Active
402,2,8,7,7,1,20210727,20220731,677,CF677,677,Active
499,9,3,8,6,3,20221130,20231005,678,CF678,678,Active
417,6,3,6,8,4,20210213,20231221,679,CF679,679,Active
292,5,10,5,5,1,20231106,20230119,680,CF680,680,Active
231,7,2,6,5,5,20220921,20240621,681,CF681,681,Active
157,1,2,2,4,1,20220926,20220827,682,CF682,682,Active
43,5,2,2,8,2,20240423,20220226,683,CF683,683,Active
157,6,4,7,4,5,20220107,20241217,684,CF684,684,Active
255,5,6,3,3,4,20240904,20220131,685,CF685,685,Active
499,7,6,1,5,1,20241207,20240212,686,CF686,686,Active
199,6,8,7,8,3,20211114,20210624,687,CF687,687,Active
143,7,9,3,8,5,20240921,20210402,688,CF688,688,Active
54,2,1,9,4,5,20210307,20220928,689,CF689,689,Active
234,8,3,2,8,2,20240718,20230509,690,CF690,690,Active
169,5,8,10,1,1,20210831,20230130,691,CF691,691,Active
482,8,6,1,8,2,20231029,20231127,692,CF692,692,Active
130,4,9,10,1,4,20240324,20230411,693,CF693,693,Active
445,5,3,3,8,5,20220324,20240127,694,CF694,694,Active
347,2,2,2,1,5,20241129,20241216,695,CF695,695,Active
240,1,3,4,7,3,20221116,20231013,696,CF696,696,Active
393,6,8,9,6,1,20230202,20210323,697,CF697,697,Active
213,9,8,8,6,2,20210830,20240510,698,CF698,698,Active
95,2,10,8,4,1,20230407,20240427,699,CF699,699,Active
201,9,5,1,1,3,20230624,20210202,700,CF700,700,Active
357,3,10,1,4,5,20231125,20210902,701,CF701,701,Active
135,2,1,8,5,1,20210611,20220709,702,CF702,702,Active
238,3,4,7,3,3,20210422,20220120,703,CF703,703,Active
448,9,10,1,8,1,20210501,20241104,704,CF704,704,Active
107,4,5,6,5,1,20211020,20210923,705,CF705,705,Active
485,1,8,10,2,1,20210210,20241203,706,CF706,706,Active
157,8,1,1,4,4,20231105,20210904,707,CF707,707,Active
215,9,10,6,4,4,20211102,20230401,708,CF708,708,Active
182,7,2,9,2,4,20230714,20220106,709,CF709,709,Active
316,2,5,10,7,4,20230823,20230417,710,CF710,710,Active
473,3,7,7,6,2,20220426,20240105,711,CF711,711,Active
130,7,4,3,6,3,20240401,20240518,712,CF712,712,Active
15,9,9,3,5,5,20240501,20240614,713,CF713,713,Active
152,4,5,1,6,3,20241105,20240912,714,CF714,714,Active
294,5,9,10,1,5,20220819,20220325,715,CF715,715,Active
6,4,2,3,5,1,20240414,20210811,716,CF716,716,Active
366,3,4,4,8,4,20220720,20230729,717,CF717,717,Active
244,9,3,3,7,2,20240930,20210701,718,CF718,718,Active
352,6,8,8,3,1,20220909,20240904,719,CF719,719,Active
186,6,2,9,3,3,20220615,20241106,720,CF720,720,Active
296,4,3,1,3,3,20220828,20220204,721,CF721,721,Active
417,1,4,4,3,2,20231004,20220205,722,CF722,722,Active
429,7,2,8,1,2,20240301,20230114,723,CF723,723,Active
295,6,3,2,1,4,20220825,20221118,724,CF724,724,Active
120,8,6,9,3,4,20240121,20230121,725,CF725,725,Active
467,6,2,3,2,4,20211110,20240713,726,CF726,726,Active
430,5,9,2,8,2,20221221,20241229,727,CF727,727,Active
244,5,5,2,2,4,20240421,20220329,728,CF728,728,Active
313,3,4,8,7,3,20240702,20210406,729,CF729,729,Active
39,10,10,9,7,1,20210319,20210407,730,CF730,730,Active
32,7,7,3,2,1,20240817,20240320,731,CF731,731,Active
198,2,8,10,2,3,20210602,20230609,732,CF732,732,Active
365,6,7,1,6,4,20241006,20210328,733,CF733,733,Active
366,9,3,4,4,2,20231213,20220225,734,CF734,734,Active
52,9,2,1,3,2,20221003,20211114,735,CF735,735,Active
282,1,5,3,8,1,20230228,20220404,736,CF736,736,Active
113,6,5,8,4,3,20240527,20241010,737,CF737,737,Active
377,1,4,8,5,1,20210306,20240615,738,CF738,738,Active
193,7,8,6,8,2,20240905,20220413,739,CF739,739,Active
396,3,10,10,8,2,20220207,20230811,740,CF740,740,Active
77,3,3,9,7,4,20230616,20210501,741,CF741,741,Active
327,8,8,5,4,5,20240104,20241011,742,CF742,742,Active
207,8,4,2,5,1,20241119,20240811,743,CF743,743,Active
462,7,9,8,4,2,20220127,20230601,744,CF744,744,Active
82,8,6,5,3,3,20241101,20220101,745,CF745,745,Active
327,8,10,6,8,2,20240528,20240331,746,CF746,746,Active
364,2,8,9,5,5,20210123,20221123,747,CF747,747,Active
119,2,5,3,8,1,20210530,20220102,748,CF748,748,Active
75,9,8,2,2,2,20241210,20220225,749,CF749,749,Active
141,3,9,8,5,1,20241104,20220416,750,CF750,750,Active
226,7,7,2,1,5,20230711,20230601,751,CF751,751,Active
32,5,4,7,2,5,20220906,20220528,752,CF752,752,Active
316,1,10,1,5,3,20220820,20230912,753,CF753,753,Active
429,3,6,8,4,5,20231203,20220927,754,CF754,754,Active
118,1,9,3,5,5,20210113,20240414,755,CF755,755,Active
245,4,10,1,3,4,20230714,20230916,756,CF756,756,Active
237,5,7,3,3,2,20230116,20220101,757,CF757,757,Active
446,6,7,3,5,4,20220703,20240211,758,CF758,758,Active
245,7,5,10,4,5,20240505,20230629,759,CF759,759,Active
328,9,6,2,7,1,20210609,20240226,760,CF760,760,Active
55,2,2,3,6,3,20221229,20221105,761,CF761,761,Active
444,4,8,10,8,5,20230708,20230928,762,CF762,762,Active
397,10,10,8,6,5,20240210,20220722,763,CF763,763,Active
294,9,2,4,3,5,20220315,20220105,764,CF764,764,Active
370,9,7,5,3,3,20230702,20230227,765,CF765,765,Active
85,6,4,9,3,2,20210212,20240129,766,CF766,766,Active
43,1,1,5,7,1,20220316,20210731,767,CF767,767,Active
393,8,5,9,7,4,20210815,20210119,768,CF768,768,Active
126,6,3,6,8,4,20210703,20210729,769,CF769,769,Active
194,3,2,2,6,1,20211229,20210117,770,CF770,770,Active
466,7,5,3,4,1,20221207,20210809,771,CF771,771,Active
90,3,8,3,4,4,20220405,20240903,772,CF772,772,Active
79,5,6,2,8,3,20210707,20230524,773,CF773,773,Active
356,1,1,2,3,1,20211121,20220727,774,CF774,774,Active
135,10,6,9,1,2,20210615,20221221,775,CF775,775,Active
133,4,4,2,3,2,20210906,20220527,776,CF776,776,Active
363,7,4,1,7,3,20210617,20220609,777,CF777,777,Active
124,3,8,4,4,3,20240615,20230306,778,CF778,778,Active
159,7,8,4,2,2,20231227,20210225,779,CF779,779,Active
89,10,9,4,8,5,20230625,20240123,780,CF780,780,Active
309,9,7,5,4,5,20240413,20241029,781,CF781,781,Active
114,5,3,4,7,3,20241028,20230721,782,CF782,782,Active
86,3,1,3,5,4,20220612,20231113,783,CF783,783,Active
248,2,3,4,7,1,20210616,20220314,784,CF784,784,Active
129,1,8,8,8,3,20240121,20230306,785,CF785,785,Active
72,1,1,9,8,4,20210311,20230403,786,CF786,786,Active
246,8,9,6,8,3,20241002,20220121,787,CF787,787,Active
130,9,6,9,4,4,20230729,20220630,788,CF788,788,Active
76,9,3,4,3,3,20210604,20220325,789,CF789,789,Active
124,9,5,8,7,5,20220704,20230820,790,CF790,790,Active
294,5,1,3,8,1,20231125,20230209,791,CF791,791,Active
37,4,4,9,8,2,20240325,20230915,792,CF792,792,Active
184,6,2,7,6,3,20230824,20240619,793,CF793,793,Active
341,8,4,7,6,1,20230402,20210528,794,CF794,794,Active
467,6,10,3,1,1,20210408,20220830,795,CF795,795,Active
427,2,4,7,1,1,20210430,20210628,796,CF796,796,Active
269,5,2,4,6,3,20220216,20240816,797,CF797,797,Active
401,8,7,2,3,4,20230706,20210324,798,CF798,798,Active
336,10,3,9,3,5,20221222,20241011,799,CF799,799,Active
437,9,4,6,7,5,20240824,20221211,800,CF800,800,Active
25,4,3,9,6,2,20210817,20220310,801,CF801,801,Active
128,1,5,1,3,3,20240924,20210302,802,CF802,802,Active
280,6,4,7,6,1,20210719,20230923,803,CF803,803,Active
3,3,7,7,2,4,20210317,20230406,804,CF804,804,Active
252,8,4,7,7,3,20230426,20231003,805,CF805,805,Active
15,4,5,5,3,4,20230111,20230416,806,CF806,806,Active
408,9,8,2,2,3,20210910,20210614,807,CF807,807,Active
365,4,10,5,3,2,20241207,20210108,808,CF808,808,Active
97,8,7,7,5,1,20230916,20230308,809,CF809,809,Active
37,7,3,2,3,4,20210213,20230110,810,CF810,810,Active
23,3,6,5,2,4,20210817,20220625,811,CF811,811,Active
188,10,7,2,3,4,20240804,20220330,812,CF812,812,Active
89,8,3,7,8,1,20240207,20221103,813,CF813,813,Active
202,7,3,7,6,2,20220103,20240626,814,CF814,814,Active
483,9,5,2,8,2,20220722,20230227,815,CF815,815,Active
206,9,5,7,5,2,20221206,20241229,816,CF816,816,Active
97,7,3,10,4,1,20230909,20230304,817,CF817,817,Active
173,8,8,5,1,1,20241115,20240909,818,CF818,818,Active
472,1,5,3,5,1,20210610,20231226,819,CF819,819,Active
342,2,1,4,1,1,20221203,20241229,820,CF820,820,Active
127,4,5,8,1,3,20210825,20210414,821,CF821,821,Active
8,9,7,10,5,2,20230402,20220209,822,CF822,822,Active
443,4,9,5,8,3,20241003,20230121,823,CF823,823,Active
170,5,5,6,4,1,20211001,20210728,824,CF824,824,Active
221,1,5,5,7,2,20210215,20210430,825,CF825,825,Active
115,3,7,5,2,4,20210408,20220314,826,CF826,826,Active
269,10,5,5,7,1,20210913,20240920,827,CF827,827,Active
427,7,1,3,7,1,20241123,20220715,828,CF828,828,Active
313,3,4,10,8,5,20230314,20230824,829,CF829,829,Active
240,5,7,5,5,5,20240929,20220520,830,CF830,830,Active
479,4,3,6,4,3,20220125,20211019,831,CF831,831,Active
143,3,6,2,6,2,20230514,20240611,832,CF832,832,Active
420,6,3,7,1,1,20240302,20230626,833,CF833,833,Active
154,8,8,4,2,5,20240729,20220819,834,CF834,834,Active
131,2,1,9,2,4,20211130,20231007,835,CF835,835,Active
267,4,1,9,3,2,20210225,20240508,836,CF836,836,Active
331,4,6,8,7,4,20240209,20230310,837,CF837,837,Active
238,9,1,10,7,1,20240614,20210923,838,CF838,838,Active
438,1,10,4,2,5,20230211,20220101,839,CF839,839,Active
88,7,6,5,2,2,20230713,20240213,840,CF840,840,Active
37,5,6,5,8,4,20221017,20230324,841,CF841,841,Active
424,1,4,2,8,4,20220930,20210828,842,CF842,842,Active
449,7,5,6,5,3,20241216,20240504,843,CF843,843,Active
495,3,4,3,6,5,20230419,20230925,844,CF844,844,Active
31,3,8,8,3,5,20240806,20240206,845,CF845,845,Active
497,7,7,6,6,4,20230128,20211222,846,CF846,846,Active
492,4,9,3,6,2,20240421,20210102,847,CF847,847,Active
447,7,7,8,5,4,20220526,20240402,848,CF848,848,Active
240,9,9,9,1,3,20230910,20220613,849,CF849,849,Active
220,7,6,8,6,1,20230116,20240419,850,CF850,850,Active
234,4,6,3,3,4,20210318,20210828,851,CF851,851,Active
186,6,2,2,2,2,20210326,20230131,852,CF852,852,Active
335,1,7,4,6,1,20241109,20230614,853,CF853,853,Active
304,1,8,4,2,4,20230620,20211115,854,CF854,854,Active
383,1,8,5,4,1,20221019,20220926,855,CF855,855,Active
117,7,4,3,8,1,20220124,20210714,856,CF856,856,Active
347,3,2,7,2,4,20231221,20231126,857,CF857,857,Active
68,8,7,3,5,5,20240520,20210701,858,CF858,858,Active
251,10,4,9,2,5,20220816,20241011,859,CF859,859,Active
470,1,4,5,2,1,20210201,20220503,860,CF860,860,Active
150,3,4,3,6,2,20211020,20231222,861,CF861,861,Active
123,6,9,9,2,4,20211031,20220416,862,CF862,862,Active
177,1,2,5,2,1,20240719,20240621,863,CF863,863,Active
95,8,10,3,6,2,20220731,20230606,864,CF864,864,Active
323,5,5,2,2,2,20231014,20220522,865,CF865,865,Active
452,2,1,3,4,3,20220117,20230326,866,CF866,866,Active
283,7,9,3,4,4,20240911,20240523,867,CF867,867,Active
136,3,1,10,4,2,20230220,20220811,868,CF868,868,Active
88,4,10,1,6,4,20210511,20221030,869,CF869,869,Active
205,4,9,8,7,4,20230913,20230327,870,CF870,870,Active
209,9,2,10,5,4,20221223,20230121,871,CF871,871,Active
141,9,1,8,6,1,20241024,20231126,872,CF872,872,Active
362,4,7,9,6,2,20210722,20240603,873,CF873,873,Active
221,5,4,8,7,2,20240418,20210922,874,CF874,874,Active
268,3,4,9,7,5,20230825,20220413,875,CF875,875,Active
419,8,8,5,6,4,20241001,20220303,876,CF876,876,Active
157,7,6,1,2,3,20240313,20240821,877,CF877,877,Active
204,3,8,10,8,5,20231110,20230116,878,CF878,878,Active
439,9,2,9,2,1,20220804,20241220,879,CF879,879,Active
60,6,4,3,5,3,20220921,20230913,880,CF880,880,Active
267,1,3,3,7,4,20210324,20221024,881,CF881,881,Active
341,1,3,9,7,1,20220417,20231229,882,CF882,882,Active
402,6,5,5,8,5,20241107,20240709,883,CF883,883,Active
361,3,10,3,7,2,20240718,20221013,884,CF884,884,Active
277,3,3,1,2,2,20220513,20240203,885,CF885,885,Active
50,2,2,3,3,1,20220606,20220616,886,CF886,886,Active
319,4,10,1,2,5,20210701,20230120,887,CF887,887,Active
327,5,4,5,4,4,20240714,20231229,888,CF888,888,Active
181,5,7,5,7,4,20240904,20210316,889,CF889,889,Active
173,6,5,4,6,5,20240414,20211022,890,CF890,890,Active
28,10,7,9,7,3,20210528,20240714,891,CF891,891,Active
165,5,10,6,7,2,20220613,20230406,892,CF892,892,Active
334,6,3,7,5,2,20210929,20220602,893,CF893,893,Active
486,9,1,1,8,1,20230715,20210409,894,CF894,894,Active
257,7,8,10,5,4,20240517,20211214,895,CF895,895,Active
424,3,8,3,1,4,20211206,20241126,896,CF896,896,Active
430,2,1,7,1,2,20240925,20241022,897,CF897,897,Active
139,2,5,6,4,5,20230421,20241023,898,CF898,898,Active
392,1,2,10,5,4,20240521,20211031,899,CF899,899,Active
330,9,6,1,4,1,20231213,20241208,900,CF900,900,Active
244,2,10,2,8,5,20240110,20220430,901,CF901,901,Active
173,1,8,7,4,2,20240101,20240119,902,CF902,902,Active
294,10,7,5,7,2,20211007,20220720,903,CF903,903,Active
493,2,10,4,6,3,20230305,20210703,904,CF904,904,Active
139,9,7,4,3,2,20240115,20230519,905,CF905,905,Active
224,1,2,1,4,4,20241111,20230630,906,CF906,906,Active
355,4,10,8,3,1,20230109,20210508,907,CF907,907,Active
488,4,10,8,4,1,20211008,20241011,908,CF908,908,Active
81,9,5,7,2,2,20210904,20230515,909,CF909,909,Active
263,1,1,6,6,1,20210715,20220319,910,CF910,910,Active
291,2,7,1,2,1,20230321,20221126,911,CF911,911,Active
460,5,5,8,7,5,20230927,20220515,912,CF912,912,Active
167,3,10,1,8,3,20210521,20231130,913,CF913,913,Active
198,9,7,10,8,1,20241102,20240115,914,CF914,914,Active
86,4,6,9,5,3,20221214,20231030,915,CF915,915,Active
486,7,2,1,8,3,20230905,20240713,916,CF916,916,Active
204,9,3,3,5,1,20231011,20211204,917,CF917,917,Active
31,1,5,5,8,3,20210610,20221211,918,CF918,918,Active
337,2,6,8,7,1,20211204,20221018,919,CF919,919,Active
235,10,9,8,7,4,20230323,20240817,920,CF920,920,Active
492,7,5,1,4,4,20230203,20220517,921,CF921,921,Active
126,5,1,2,7,2,20240823,20231201,922,CF922,922,Active
457,9,2,3,2,5,20210826,20221212,923,CF923,923,Active
342,3,4,1,7,1,20220822,20240127,924,CF924,924,Active
350,8,1,6,6,1,20240405,20231220,925,CF925,925,Active
357,8,7,5,5,5,20240506,20221029,926,CF926,926,Active
329,6,7,9,7,1,20231117,20230625,927,CF927,927,Active
216,1,4,7,1,3,20220917,20221210,928,CF928,928,Active
354,5,2,3,4,4,20211110,20220708,929,CF929,929,Active
285,7,3,6,8,2,20230902,20240617,930,CF930,930,Active
199,2,9,8,3,3,20220628,20241120,931,CF931,931,Active
497,2,1,10,8,2,20240427,20210413,932,CF932,932,Active
49,2,6,1,8,4,20220110,20210915,933,CF933,933,Active
185,5,8,3,3,3,20211007,20210512,934,CF934,934,Active
231,9,8,3,1,5,20241210,20231123,935,CF935,935,Active
415,1,5,6,3,5,20211104,20210508,936,CF936,936,Active
21,7,8,7,1,2,20210620,20230130,937,CF937,937,Active
447,4,5,7,5,4,20240201,20221030,938,CF938,938,Active
321,8,5,1,8,5,20221222,20220530,939,CF939,939,Active
197,2,5,4,7,4,20230618,20210329,940,CF940,940,Active
87,6,8,3,8,4,20221026,20240522,941,CF941,941,Active
46,8,6,10,5,5,20211022,20220424,942,CF942,942,Active
224,6,1,8,7,1,20240731,20231129,943,CF943,943,Active
359,10,9,7,5,2,20240304,20220916,944,CF944,944,Active
131,4,2,8,7,1,20230227,20210501,945,CF945,945,Active
401,4,6,9,5,2,20240904,20210624,946,CF946,946,Active
446,4,5,5,7,3,20230226,20220130,947,CF947,947,Active
245,8,10,2,2,5,20240427,20220530,948,CF948,948,Active
334,6,10,4,7,3,20221019,20220102,949,CF949,949,Active
487,10,3,8,4,4,20220420,20220215,950,CF950,950,Active
375,1,10,8,2,1,20220406,20230321,951,CF951,951,Active
119,3,10,9,3,3,20210711,20231224,952,CF952,952,Active
236,10,10,5,3,1,20230410,20211014,953,CF953,953,Active
290,5,4,7,1,1,20210817,20240517,954,CF954,954,Active
24,10,10,4,5,1,20210903,20220420,955,CF955,955,Active
29,4,10,2,3,2,20210510,20210104,956,CF956,956,Active
93,8,7,8,2,4,20240218,20240430,957,CF957,957,Active
4,5,1,3,5,1,20221214,20231206,958,CF958,958,Active
468,8,1,5,2,4,20230625,20211026,959,CF959,959,Active
128,9,3,7,5,3,20231203,20210720,960,CF960,960,Active
315,3,9,2,2,2,20240610,20220903,961,CF961,961,Active
32,2,1,4,2,2,20230904,20221203,962,CF962,962,Active
209,10,10,3,6,1,20231007,20210305,963,CF963,963,Active
34,3,9,10,3,2,20230605,20220730,964,CF964,964,Active
25,2,7,1,2,5,20240418,20221227,965,CF965,965,Active
386,1,1,3,4,4,20210104,20221129,966,CF966,966,Active
138,3,10,8,2,3,20211107,20220922,967,CF967,967,Active
72,1,5,9,3,2,20210821,20220322,968,CF968,968,Active
36,10,2,5,7,2,20241007,20230421,969,CF969,969,Active
160,10,7,4,1,2,20220807,20241231,970,CF970,970,Active
55,10,2,9,6,1,20241209,20221008,971,CF971,971,Active
347,8,7,6,3,2,20220821,20230719,972,CF972,972,Active
92,7,9,6,1,2,20240626,20240613,973,CF973,973,Active
324,8,2,6,4,3,20231027,20240402,974,CF974,974,Active
188,10,8,3,7,4,20210926,20231214,975,CF975,975,Active
480,3,4,10,5,4,20210613,20220116,976,CF976,976,Active
50,9,5,7,5,4,20230325,20210422,977,CF977,977,Active
385,7,1,1,8,4,20240401,20220409,978,CF978,978,Active
469,9,4,2,7,4,20230615,20220525,979,CF979,979,Active
398,4,9,3,2,1,20220309,20220605,980,CF980,980,Active
41,9,9,3,7,5,20211107,20230331,981,CF981,981,Active
447,6,8,5,3,2,20230711,20230129,982,CF982,982,Active
65,3,7,6,3,1,20231024,20220601,983,CF983,983,Active
207,9,4,9,4,2,20220724,20210519,984,CF984,984,Active
46,8,1,4,8,2,20240722,20230526,985,CF985,985,Active
469,6,3,10,2,3,20211101,20230219,986,CF986,986,Active
371,7,10,5,4,1,20230922,20210308,987,CF987,987,Active
109,7,8,6,5,4,20210810,20240529,988,CF988,988,Active
288,7,8,4,3,4,20220415,20240526,989,CF989,989,Active
204,9,2,9,7,5,20220715,20210204,990,CF990,990,Active
346,10,1,1,7,4,20230227,20220501,991,CF991,991,Active
1,1,7,1,8,3,20210219,20210603,992,CF992,992,Active
497,10,8,8,7,1,20241210,20211016,993,CF993,993,Active
309,1,3,2,5,1,20240822,20231030,994,CF994,994,Active
470,6,9,7,5,1,20230911,20240127,995,CF995,995,Active
423,9,1,7,6,4,20210811,20210926,996,CF996,996,Active
302,4,4,8,1,2,20210421,20240106,997,CF997,997,Active
243,6,1,9,2,5,20220317,20210707,998,CF998,998,Active
377,1,5,5,4,1,20211003,20241202,999,CF999,999,Active
458,8,4,3,6,3,20240303,20221213,1000,CF1000,1000,Active
